episode,human_skill_label,shutter_skill_label,skill_pair,human_shooting_threshold,shutter_shooting_threshold,human_support_frames,shutter_support_frames,idle_support_frames,human_score_without_nao,shutter_score_without_nao,human_score_with_nao,shutter_score_with_nao,nao_to_human,nao_to_shutter,first_half_human_support_pct,first_half_shutter_support_pct,second_half_human_support_pct,second_half_shutter_support_pct,nao_action_support_human_pct,nao_action_support_shutter_pct,nao_action_center_idle_pct,episode_frames,bucket_1_support_human_pct,bucket_1_support_shutter_pct,bucket_1_center_idle_pct,bucket_1_human_score_with_nao,bucket_1_shutter_score_with_nao,bucket_2_support_human_pct,bucket_2_support_shutter_pct,bucket_2_center_idle_pct,bucket_2_human_score_with_nao,bucket_2_shutter_score_with_nao,bucket_3_support_human_pct,bucket_3_support_shutter_pct,bucket_3_center_idle_pct,bucket_3_human_score_with_nao,bucket_3_shutter_score_with_nao,bucket_4_support_human_pct,bucket_4_support_shutter_pct,bucket_4_center_idle_pct,bucket_4_human_score_with_nao,bucket_4_shutter_score_with_nao,bucket_5_support_human_pct,bucket_5_support_shutter_pct,bucket_5_center_idle_pct,bucket_5_human_score_with_nao,bucket_5_shutter_score_with_nao,bucket_6_support_human_pct,bucket_6_support_shutter_pct,bucket_6_center_idle_pct,bucket_6_human_score_with_nao,bucket_6_shutter_score_with_nao,bucket_7_support_human_pct,bucket_7_support_shutter_pct,bucket_7_center_idle_pct,bucket_7_human_score_with_nao,bucket_7_shutter_score_with_nao,bucket_8_support_human_pct,bucket_8_support_shutter_pct,bucket_8_center_idle_pct,bucket_8_human_score_with_nao,bucket_8_shutter_score_with_nao,bucket_9_support_human_pct,bucket_9_support_shutter_pct,bucket_9_center_idle_pct,bucket_9_human_score_with_nao,bucket_9_shutter_score_with_nao,bucket_10_support_human_pct,bucket_10_support_shutter_pct,bucket_10_center_idle_pct,bucket_10_human_score_with_nao,bucket_10_shutter_score_with_nao
1,good,bad,good/bad,0.13542642131704616,0.009746679459520772,4880,3634,1486,570,400,890,630,320,230,60.32,26.54,37.28,46.14,48.8,36.34,14.86,10000,58.7037037037037,25.833333333333332,15.462962962962964,130,70,29.074074074074073,65.0,5.925925925925926,180,180,95.18518518518519,0.0,4.814814814814815,250,230,63.611111111111114,0.0,36.388888888888886,390,240,32.68518518518518,32.03703703703704,35.27777777777778,480,320,81.66666666666667,15.185185185185185,3.1481481481481484,580,370,24.35185185185185,64.44444444444444,11.203703703703704,700,470,61.01851851851852,13.61111111111111,25.37037037037037,800,520,5.555555555555555,94.44444444444444,0.0,870,590,0.0,100.0,0.0,890,630
2,good,bad,good/bad,0.1471386614365253,0.01317478388888202,2861,5647,1492,640,340,770,800,130,460,20.0,80.42,37.22,32.52,28.61,56.47,14.92,10000,31.296296296296298,68.42592592592592,0.2777777777777778,120,80,18.333333333333332,81.57407407407408,0.09259259259259259,220,210,42.96296296296296,27.77777777777778,29.25925925925926,330,260,0.0,100.0,0.0,410,340,0.0,94.53703703703704,5.462962962962963,460,480,38.425925925925924,27.40740740740741,34.166666666666664,500,530,76.94444444444444,23.055555555555557,0.0,600,580,39.44444444444444,48.05555555555556,12.5,670,710,17.5,27.314814814814813,55.18518518518518,750,750,0.0,95.35714285714286,4.642857142857143,770,800
3,good,bad,good/bad,0.16758750776977893,0.014888559927000083,2480,3882,3638,600,560,760,880,160,320,22.28,44.42,27.32,33.22,24.8,38.82,36.38,10000,9.537037037037036,28.333333333333332,62.129629629629626,70,130,12.962962962962964,48.98148148148148,38.05555555555556,210,220,18.51851851851852,71.66666666666667,9.814814814814815,270,350,42.77777777777778,0.0,57.22222222222222,330,430,19.35185185185185,56.666666666666664,23.98148148148148,460,500,29.537037037037038,70.46296296296296,0.0,550,670,27.77777777777778,1.3888888888888888,70.83333333333333,630,740,12.87037037037037,22.685185185185187,64.44444444444444,710,770,30.37037037037037,59.25925925925926,10.37037037037037,750,860,100.0,0.0,0.0,760,880
4,good,good,good/good,0.13994189383998967,0.1595090959562341,3755,3584,2661,580,670,830,890,250,220,43.96,39.0,31.14,32.68,37.55,35.84,26.61,10000,44.166666666666664,39.72222222222222,16.11111111111111,120,120,71.29629629629629,25.27777777777778,3.425925925925926,220,230,37.68518518518518,18.14814814814815,44.166666666666664,330,280,41.666666666666664,53.425925925925924,4.907407407407407,470,460,8.703703703703704,43.98148148148148,47.31481481481482,520,520,54.72222222222222,26.85185185185185,18.425925925925927,620,590,14.722222222222221,54.074074074074076,31.203703703703702,680,710,26.666666666666668,35.0,38.333333333333336,740,750,22.12962962962963,35.370370370370374,42.5,780,840,100.0,0.0,0.0,830,890
5,bad,good,bad/good,0.00892648215923285,0.10173751278961245,3300,3597,3103,140,610,390,840,250,230,54.94,26.1,11.06,45.84,33.0,35.97,31.03,10000,71.94444444444444,0.18518518518518517,27.87037037037037,70,110,52.592592592592595,21.203703703703702,26.203703703703702,120,190,47.31481481481482,0.0,52.68518518518518,140,240,72.5,9.444444444444445,18.055555555555557,240,320,10.0,90.0,0.0,240,410,44.53703703703704,30.925925925925927,24.537037037037038,310,510,4.074074074074074,69.25925925925925,26.666666666666668,350,640,0.0,12.777777777777779,87.22222222222223,370,760,2.5925925925925926,75.0,22.40740740740741,390,800,0.0,93.57142857142857,6.428571428571429,390,840
6,good,bad,good/bad,0.17195962787142838,0.016300451497536745,2704,4474,2822,670,460,780,740,110,280,25.74,45.02,28.34,44.46,27.04,44.74,28.22,10000,30.74074074074074,65.18518518518519,4.074074074074074,120,120,5.462962962962963,30.925925925925927,63.611111111111114,210,220,3.240740740740741,27.314814814814813,69.44444444444444,250,250,47.68518518518518,35.74074074074074,16.574074074074073,330,340,32.03703703703704,49.25925925925926,18.703703703703702,420,420,48.24074074074074,32.68518518518518,19.074074074074073,490,490,34.074074074074076,41.111111111111114,24.814814814814813,580,560,30.37037037037037,43.24074074074074,26.38888888888889,670,660,0.0,83.42592592592592,16.574074074074073,750,730,71.42857142857143,20.714285714285715,7.857142857142857,780,740
7,good,bad,good/bad,0.09997264251392327,0.012380882809943004,3686,4924,1390,610,390,730,780,120,390,38.94,56.92,34.78,41.56,36.86,49.24,13.9,10000,43.425925925925924,41.666666666666664,14.907407407407407,130,130,24.166666666666668,71.29629629629629,4.537037037037037,210,250,24.25925925925926,47.68518518518518,28.055555555555557,270,290,55.46296296296296,44.53703703703704,0.0,360,350,32.96296296296296,58.333333333333336,8.703703703703704,430,470,57.592592592592595,18.055555555555557,24.35185185185185,520,530,60.092592592592595,32.592592592592595,7.314814814814815,590,610,43.333333333333336,49.351851851851855,7.314814814814815,650,660,0.0,66.48148148148148,33.51851851851852,720,750,0.0,100.0,0.0,730,780
8,bad,good,bad/good,0.01270956284730617,0.16627522630696656,2633,4395,2972,140,710,250,1000,110,290,35.54,32.26,17.12,55.64,26.33,43.95,29.72,10000,70.64814814814815,0.5555555555555556,28.796296296296298,50,130,52.22222222222222,0.0,47.77777777777778,80,210,41.2962962962963,2.4074074074074074,56.2962962962963,120,250,0.0,100.0,0.0,140,330,0.37037037037037035,46.388888888888886,53.24074074074074,160,500,75.46296296296296,11.203703703703704,13.333333333333334,230,570,0.0,91.85185185185185,8.148148148148149,240,720,0.0,39.351851851851855,60.648148148148145,240,770,0.0,100.0,0.0,250,950,14.642857142857142,58.57142857142857,26.785714285714285,250,1000
9,bad,good,bad/good,0.009666234022928459,0.16884577670259776,4534,2663,2803,150,600,470,760,320,160,41.84,30.54,48.84,22.72,45.34,26.63,28.03,10000,43.24074074074074,15.833333333333334,40.925925925925924,30,120,61.388888888888886,0.0,38.611111111111114,90,170,46.48148148148148,0.0,53.51851851851852,140,230,34.81481481481482,53.24074074074074,11.944444444444445,220,280,7.777777777777778,72.31481481481481,19.90740740740741,230,480,86.94444444444444,12.222222222222221,0.8333333333333334,300,530,60.925925925925924,39.074074074074076,0.0,380,620,44.81481481481482,29.444444444444443,25.74074074074074,430,730,31.38888888888889,17.87037037037037,50.74074074074074,460,760,7.857142857142857,25.357142857142858,66.78571428571429,470,760
10,bad,bad,bad/bad,0.006526797081321484,0.013498179866706752,1914,4330,3756,100,440,230,750,130,310,38.28,16.0,0.0,70.6,19.14,43.3,37.56,10000,34.907407407407405,22.12962962962963,42.96296296296296,20,10,53.98148148148148,19.35185185185185,26.666666666666668,60,60,11.203703703703704,26.48148148148148,62.31481481481482,80,140,9.62962962962963,6.111111111111111,84.25925925925925,100,200,67.5,0.0,32.5,180,240,0.0,83.98148148148148,16.01851851851852,200,310,0.0,78.05555555555556,21.944444444444443,200,470,0.0,44.074074074074076,55.925925925925924,210,550,0.0,99.72222222222223,0.2777777777777778,220,730,0.0,81.07142857142857,18.928571428571427,230,750
11,bad,good,bad/good,0.0149334706604274,0.18436732400294653,4058,3414,2528,150,720,410,1000,260,280,41.0,32.54,40.16,35.74,40.58,34.14,25.28,10000,79.25925925925925,2.314814814814815,18.425925925925927,50,110,72.5925925925926,11.018518518518519,16.38888888888889,120,190,37.96296296296296,20.462962962962962,41.574074074074076,170,250,0.0,93.98148148148148,6.018518518518518,220,420,0.0,22.87037037037037,77.12962962962963,240,510,0.0,88.14814814814815,11.851851851851851,240,660,56.666666666666664,16.944444444444443,26.38888888888889,300,770,64.72222222222223,34.81481481481482,0.46296296296296297,330,890,64.53703703703704,10.833333333333334,24.62962962962963,410,990,0.0,56.785714285714285,43.214285714285715,410,1000
12,bad,bad,bad/bad,0.007881878265170563,0.013303000918212382,5477,2101,2422,120,400,470,570,350,170,51.9,33.32,57.64,8.7,54.77,21.01,24.22,10000,40.0,22.40740740740741,37.592592592592595,30,70,75.18518518518519,24.814814814814813,0.0,110,120,60.370370370370374,25.0,14.62962962962963,180,210,0.0,56.2037037037037,43.7962962962963,200,290,64.72222222222223,25.833333333333332,9.444444444444445,210,360,100.0,0.0,0.0,290,410,41.574074074074076,0.0,58.425925925925924,380,470,71.66666666666667,4.074074074074074,24.25925925925926,460,500,40.370370370370374,34.25925925925926,25.37037037037037,470,560,51.07142857142857,7.5,41.42857142857143,470,570
13,bad,bad,bad/bad,0.013397852623784321,0.0032675011960940775,5563,2939,1498,150,160,520,340,370,180,47.68,38.94,63.58,19.84,55.63,29.39,14.98,10000,44.907407407407405,41.388888888888886,13.703703703703704,40,30,58.24074074074074,41.75925925925926,0.0,110,90,70.92592592592592,29.074074074074073,0.0,200,130,31.203703703703702,52.68518518518518,16.11111111111111,250,180,15.462962962962964,15.37037037037037,69.16666666666667,250,220,76.57407407407408,0.0,23.425925925925927,310,220,100.0,0.0,0.0,420,240,59.166666666666664,32.77777777777778,8.055555555555555,490,250,32.68518518518518,59.074074074074076,8.24074074074074,520,330,100.0,0.0,0.0,520,340
14,good,good,good/good,0.144905697746515,0.13833961372903894,4140,3554,2306,630,630,940,830,310,200,32.96,41.3,49.84,29.78,41.4,35.54,23.06,10000,0.0,57.68518518518518,42.31481481481482,110,170,20.925925925925927,23.703703703703702,55.370370370370374,180,260,13.61111111111111,69.25925925925925,17.12962962962963,250,330,30.833333333333332,34.166666666666664,35.0,350,370,87.22222222222223,6.388888888888889,6.388888888888889,500,490,8.88888888888889,37.22222222222222,53.888888888888886,540,530,74.62962962962963,25.27777777777778,0.09259259259259259,690,610,45.74074074074074,54.25925925925926,0.0,750,720,82.5,14.814814814814815,2.685185185185185,880,800,73.21428571428571,24.285714285714285,2.5,940,830
15,bad,good,bad/good,0.009202834236035037,0.1885860369493505,4197,3017,2786,90,820,390,1030,300,210,45.06,27.8,38.88,32.54,41.97,30.17,27.86,10000,81.11111111111111,0.18518518518518517,18.703703703703702,70,110,77.77777777777777,0.0,22.22222222222222,140,220,16.01851851851852,56.01851851851852,27.962962962962962,170,330,27.685185185185187,37.129629629629626,35.18518518518518,190,480,6.018518518518518,35.370370370370374,58.611111111111114,210,570,12.962962962962964,83.70370370370371,3.3333333333333335,220,740,74.62962962962963,10.37037037037037,15.0,280,800,61.111111111111114,37.77777777777778,1.1111111111111112,340,890,31.296296296296298,11.75925925925926,56.94444444444444,390,1010,0.0,27.142857142857142,72.85714285714286,390,1030
16,bad,bad,bad/bad,0.0057976135674704145,0.013607710727009007,4877,2343,2780,90,340,380,480,290,140,42.32,22.56,55.22,24.3,48.77,23.43,27.8,10000,49.074074074074076,0.18518518518518517,50.74074074074074,30,30,11.38888888888889,6.388888888888889,82.22222222222223,30,70,67.5925925925926,22.59259259259259,9.814814814814815,120,140,32.407407407407405,30.09259259259259,37.5,160,230,35.46296296296296,45.18518518518518,19.35185185185185,170,270,5.37037037037037,93.98148148148148,0.6481481481481481,190,380,88.42592592592592,1.0185185185185186,10.555555555555555,250,400,97.12962962962963,0.0,2.8703703703703702,340,440,59.351851851851855,13.703703703703704,26.944444444444443,380,470,20.714285714285715,14.642857142857142,64.64285714285714,380,480
17,good,bad,good/bad,0.13918486826130844,0.014110967250298062,4048,3866,2086,520,460,810,770,290,310,52.78,37.84,28.18,39.48,40.48,38.66,20.86,10000,71.57407407407408,7.777777777777778,20.64814814814815,70,50,21.203703703703702,58.148148148148145,20.64814814814815,130,160,42.31481481481482,42.03703703703704,15.648148148148149,230,240,30.64814814814815,46.2037037037037,23.14814814814815,320,340,78.61111111111111,21.01851851851852,0.37037037037037035,470,400,82.22222222222223,16.85185185185185,0.9259259259259259,570,450,7.407407407407407,0.0,92.5925925925926,660,500,0.0,94.53703703703704,5.462962962962963,720,660,19.444444444444443,66.85185185185185,13.703703703703704,770,760,82.5,17.5,0.0,810,770
18,bad,good,bad/good,0.009280574667145358,0.12400368925269775,4283,3238,2479,120,660,390,840,270,180,39.08,33.4,46.58,31.36,42.83,32.38,24.79,10000,90.64814814814815,0.18518518518518517,9.166666666666666,110,140,17.87037037037037,21.85185185185185,60.27777777777778,170,230,3.7037037037037037,30.833333333333332,65.46296296296296,170,280,67.87037037037037,31.574074074074073,0.5555555555555556,230,360,0.8333333333333334,70.18518518518519,28.98148148148148,230,490,72.12962962962963,20.185185185185187,7.685185185185185,280,580,55.833333333333336,13.981481481481481,30.185185185185187,310,730,73.88888888888889,0.0,26.11111111111111,380,780,13.796296296296296,86.11111111111111,0.09259259259259259,390,820,0.0,96.07142857142857,3.9285714285714284,390,840
19,good,bad,good/bad,0.14336711699147334,0.016509894954464623,3511,4063,2426,570,560,750,820,180,260,46.58,41.6,23.64,39.66,35.11,40.63,24.26,10000,13.24074074074074,42.407407407407405,44.351851851851855,90,110,79.35185185185185,13.518518518518519,7.12962962962963,250,190,88.79629629629629,2.037037037037037,9.166666666666666,320,270,0.0,97.22222222222223,2.7777777777777777,400,350,34.25925925925926,37.407407407407405,28.333333333333332,470,430,35.0,8.796296296296296,56.2037037037037,550,510,69.72222222222223,30.27777777777778,0.0,640,580,0.0,58.05555555555556,41.94444444444444,710,730,4.722222222222222,60.55555555555556,34.72222222222222,740,780,0.0,100.0,0.0,750,820
20,bad,good,bad/good,0.015024347093271172,0.1281469170906555,5077,3027,1896,240,640,610,800,370,160,52.64,26.98,48.9,33.56,50.77,30.27,18.96,10000,44.44444444444444,34.074074074074076,21.48148148148148,50,110,75.92592592592592,0.0,24.074074074074073,150,210,18.98148148148148,21.666666666666668,59.351851851851855,250,260,15.37037037037037,69.16666666666667,15.462962962962964,290,360,88.98148148148148,0.0,11.018518518518519,360,460,61.01851851851852,20.37037037037037,18.61111111111111,460,520,4.62962962962963,89.9074074074074,5.462962962962963,460,590,88.33333333333333,9.166666666666666,2.5,530,700,72.4074074074074,10.0,17.59259259259259,610,780,0.0,100.0,0.0,610,800
21,bad,good,bad/good,0.01201495087336783,0.16752889011876207,6942,1798,1260,120,740,530,840,410,100,74.08,16.74,64.76,19.22,69.42,17.98,12.6,10000,42.77777777777778,0.18518518518518517,57.03703703703704,10,110,100.0,0.0,0.0,50,210,88.33333333333333,4.722222222222222,6.944444444444445,130,260,47.592592592592595,41.2037037037037,11.203703703703704,170,340,64.25925925925925,31.38888888888889,4.351851851851852,250,470,81.29629629629629,1.0185185185185186,17.685185185185187,350,530,69.81481481481481,29.62962962962963,0.5555555555555556,440,630,81.57407407407408,13.055555555555555,5.37037037037037,480,730,62.870370370370374,28.24074074074074,8.88888888888889,530,790,16.428571428571427,65.71428571428571,17.857142857142858,530,840
22,bad,good,bad/good,0.009199878422223307,0.16200907184269542,4128,2373,3499,160,530,400,710,240,180,42.96,23.72,39.6,23.74,41.28,23.73,34.99,10000,10.277777777777779,30.555555555555557,59.166666666666664,20,110,83.51851851851852,0.0,16.48148148148148,100,140,58.24074074074074,0.18518518518518517,41.574074074074076,170,230,9.25925925925926,42.03703703703704,48.7037037037037,180,250,37.592592592592595,37.03703703703704,25.37037037037037,220,380,44.81481481481482,39.074074074074076,16.11111111111111,240,460,62.77777777777778,0.09259259259259259,37.129629629629626,280,500,12.12962962962963,60.27777777777778,27.59259259259259,320,610,37.68518518518518,10.462962962962964,51.851851851851855,370,690,100.0,0.0,0.0,400,710
23,good,bad,good/bad,0.11630682684313288,0.009800661418752615,5056,3959,985,520,370,860,670,340,300,37.32,61.78,63.8,17.4,50.56,39.59,9.85,10000,67.5,28.055555555555557,4.444444444444445,130,80,27.037037037037038,68.42592592592592,4.537037037037037,230,160,42.5,40.27777777777778,17.22222222222222,310,240,35.74074074074074,49.25925925925926,15.0,450,330,0.0,100.0,0.0,500,430,27.40740740740741,43.05555555555556,29.537037037037038,570,520,87.5925925925926,11.203703703703704,1.2037037037037037,730,560,55.46296296296296,25.27777777777778,19.25925925925926,780,620,98.98148148148148,1.0185185185185186,0.0,850,640,100.0,0.0,0.0,860,670
24,good,good,good/good,0.11843374811779904,0.18045882130156046,5054,3339,1607,510,700,820,960,310,260,60.3,25.2,40.78,41.58,50.54,33.39,16.07,10000,27.685185185185187,46.111111111111114,26.203703703703702,70,140,76.01851851851852,3.611111111111111,20.37037037037037,180,230,38.425925925925924,19.814814814814813,41.75925925925926,230,290,49.351851851851855,47.129629629629626,3.5185185185185186,310,430,87.68518518518519,0.0,12.314814814814815,390,500,29.814814814814813,62.129629629629626,8.055555555555555,500,600,90.64814814814815,7.5,1.8518518518518519,670,740,4.351851851851852,82.87037037037037,12.777777777777779,750,820,38.148148148148145,40.0,21.85185185185185,810,940,99.64285714285714,0.0,0.35714285714285715,820,960
25,bad,good,bad/good,0.009036327202104396,0.11274777280266408,3586,3742,2672,140,730,320,910,180,180,43.76,31.46,27.96,43.38,35.86,37.42,26.72,10000,71.66666666666667,0.18518518518518517,28.14814814814815,70,90,61.2962962962963,0.0,38.7037037037037,120,200,33.05555555555556,7.314814814814815,59.629629629629626,150,260,36.574074074074076,54.25925925925926,9.166666666666666,190,350,0.0,83.88888888888889,16.11111111111111,210,500,7.12962962962963,81.38888888888889,11.481481481481481,220,630,0.0,49.44444444444444,50.55555555555556,230,770,34.166666666666664,65.83333333333333,0.0,280,790,76.48148148148148,4.166666666666667,19.35185185185185,320,890,45.0,0.0,55.0,320,910
26,bad,bad,bad/bad,0.009002225700172922,0.016402700997047125,4068,2505,3427,150,530,420,730,270,200,55.58,24.24,25.78,25.86,40.68,25.05,34.27,10000,42.31481481481482,37.870370370370374,19.814814814814813,60,130,42.31481481481482,0.0,57.68518518518518,140,180,34.81481481481482,30.64814814814815,34.53703703703704,170,250,51.75925925925926,43.7037037037037,4.537037037037037,250,330,86.11111111111111,0.0,13.88888888888889,320,380,57.5,6.7592592592592595,35.74074074074074,370,450,25.27777777777778,0.0,74.72222222222223,380,480,15.462962962962964,43.148148148148145,41.388888888888886,400,580,12.037037037037036,66.85185185185185,21.11111111111111,410,700,35.0,11.428571428571429,53.57142857142857,420,730
27,good,bad,good/bad,0.15011925662237222,0.011812229130810387,5364,3676,960,520,340,860,640,340,300,65.2,32.0,42.08,41.52,53.64,36.76,9.6,10000,52.03703703703704,46.48148148148148,1.4814814814814814,120,110,86.29629629629629,13.703703703703704,0.0,210,120,67.12962962962963,32.407407407407405,0.46296296296296297,290,220,80.0925925925926,6.203703703703703,13.703703703703704,460,280,16.296296296296298,49.351851851851855,34.351851851851855,570,350,53.425925925925924,36.388888888888886,10.185185185185185,650,380,78.14814814814815,19.814814814814813,2.037037037037037,700,470,1.7592592592592593,71.57407407407408,26.666666666666668,740,530,35.55555555555556,64.44444444444444,0.0,820,640,100.0,0.0,0.0,860,640
28,good,good,good/good,0.1424086204235076,0.12329955430968229,3508,4661,1831,620,730,760,1190,140,460,45.46,45.9,24.7,47.32,35.08,46.61,18.31,10000,36.2037037037037,52.407407407407405,11.38888888888889,140,180,80.83333333333333,18.703703703703702,0.46296296296296297,240,240,47.22222222222222,17.77777777777778,35.0,310,330,46.2037037037037,45.27777777777778,8.518518518518519,390,470,0.0,78.33333333333333,21.666666666666668,480,570,19.814814814814813,57.870370370370374,22.314814814814813,530,750,14.166666666666666,60.925925925925924,24.90740740740741,600,900,17.87037037037037,39.44444444444444,42.68518518518518,680,1000,38.05555555555556,60.833333333333336,1.1111111111111112,750,1140,94.28571428571429,0.0,5.714285714285714,760,1190
29,good,good,good/good,0.16301843461634938,0.14829122193637964,3547,4337,2116,510,610,750,930,240,320,46.08,36.76,24.86,49.98,35.47,43.37,21.16,10000,27.037037037037038,40.46296296296296,32.5,90,170,16.85185185185185,15.462962962962964,67.68518518518519,180,230,40.18518518518518,47.129629629629626,12.685185185185185,250,310,60.833333333333336,37.129629629629626,2.037037037037037,340,410,68.42592592592592,30.0,1.5740740740740742,470,490,49.166666666666664,38.333333333333336,12.5,530,550,25.27777777777778,65.46296296296296,9.25925925925926,630,640,36.01851851851852,33.425925925925924,30.555555555555557,690,740,4.62962962962963,68.24074074074075,27.12962962962963,740,870,0.0,100.0,0.0,750,930
30,good,bad,good/bad,0.10242026680949787,0.011063840681690315,3964,2713,3323,520,440,840,660,320,220,52.5,22.4,26.78,31.86,39.64,27.13,33.23,10000,35.18518518518518,35.0,29.814814814814813,110,110,85.74074074074075,14.25925925925926,0.0,300,130,43.425925925925924,0.0,56.574074074074076,380,190,2.7777777777777777,52.407407407407405,44.81481481481482,460,270,75.92592592592592,2.037037037037037,22.037037037037038,540,310,53.7037037037037,35.925925925925924,10.37037037037037,620,390,38.7962962962963,60.18518518518518,1.0185185185185186,730,500,15.555555555555555,42.407407407407405,42.03703703703704,760,590,15.925925925925926,8.981481481481481,75.0925925925926,830,650,0.0,0.0,100.0,840,660
31,good,good,good/good,0.1618058230279442,0.15883205997895017,4535,2668,2797,620,670,970,830,350,160,76.0,17.34,14.7,36.02,45.35,26.68,27.97,10000,51.851851851851855,29.90740740740741,18.24074074074074,140,170,78.42592592592592,8.981481481481481,12.592592592592593,240,240,79.53703703703704,18.796296296296298,1.6666666666666667,350,270,72.12962962962963,20.185185185185187,7.685185185185185,500,370,69.9074074074074,2.4074074074074074,27.685185185185187,640,460,1.2037037037037037,16.203703703703702,82.5925925925926,710,500,21.296296296296298,67.5925925925926,11.11111111111111,800,630,29.62962962962963,9.537037037037036,60.833333333333336,890,740,0.0,63.425925925925924,36.574074074074076,960,820,61.42857142857143,38.57142857142857,0.0,970,830
32,bad,good,bad/good,0.007498935853872678,0.1603257573072113,4089,3027,2884,140,800,380,1050,240,250,42.5,36.24,39.28,24.3,40.89,30.27,28.84,10000,87.31481481481481,0.18518518518518517,12.5,120,140,28.333333333333332,10.462962962962964,61.2037037037037,140,270,30.37037037037037,64.35185185185185,5.277777777777778,200,420,20.09259259259259,23.51851851851852,56.388888888888886,230,550,30.64814814814815,69.25925925925925,0.09259259259259259,240,680,30.833333333333332,40.092592592592595,29.074074074074073,310,780,83.33333333333333,16.666666666666668,0.0,370,880,21.11111111111111,24.166666666666668,54.72222222222222,380,950,46.574074074074076,5.648148148148148,47.77777777777778,380,1000,0.0,100.0,0.0,380,1050
33,good,bad,good/bad,0.11475240566805853,0.015061712759413473,4642,2710,2648,590,450,890,640,300,190,25.7,45.06,67.14,9.14,46.42,27.1,26.48,10000,1.9444444444444444,81.57407407407408,16.48148148148148,80,130,49.53703703703704,12.592592592592593,37.870370370370374,140,170,14.62962962962963,40.55555555555556,44.81481481481482,190,250,35.46296296296296,14.722222222222221,49.81481481481482,250,310,17.40740740740741,59.166666666666664,23.425925925925927,360,430,67.31481481481481,2.8703703703703702,29.814814814814813,500,490,54.44444444444444,11.018518518518519,34.53703703703704,620,530,87.96296296296296,4.814814814814815,7.222222222222222,740,600,98.79629629629629,0.0,1.2037037037037037,850,640,8.928571428571429,91.07142857142857,0.0,890,640
34,bad,good,bad/good,0.009377534387035784,0.12591988000478754,4434,2667,2899,130,640,460,780,330,140,55.62,24.98,33.06,28.36,44.34,26.67,28.99,10000,4.444444444444445,8.703703703703704,86.85185185185185,20,120,94.62962962962963,0.0,5.37037037037037,70,190,73.88888888888889,0.0,26.11111111111111,160,250,44.907407407407405,48.611111111111114,6.481481481481482,170,340,39.629629629629626,58.333333333333336,2.037037037037037,250,460,48.425925925925924,47.592592592592595,3.9814814814814814,300,550,62.31481481481482,34.629629629629626,3.0555555555555554,370,640,10.37037037037037,4.444444444444445,85.18518518518519,380,740,26.574074074074073,24.25925925925926,49.166666666666664,440,770,20.714285714285715,78.57142857142857,0.7142857142857143,460,780
35,good,good,good/good,0.14522276213896623,0.20183126000038432,3109,5000,1891,620,750,830,1080,210,330,49.3,36.64,12.88,63.36,31.09,50.0,18.91,10000,86.01851851851852,11.38888888888889,2.5925925925925926,110,120,19.35185185185185,54.907407407407405,25.74074074074074,210,240,4.444444444444445,62.5,33.05555555555556,260,380,99.9074074074074,0.0,0.09259259259259259,340,470,18.51851851851852,40.833333333333336,40.648148148148145,460,580,5.37037037037037,50.74074074074074,43.888888888888886,520,750,26.85185185185185,70.55555555555556,2.5925925925925926,640,830,7.5,85.37037037037037,7.12962962962963,730,970,0.0,80.92592592592592,19.074074074074073,810,1070,76.78571428571429,22.142857142857142,1.0714285714285714,830,1080
36,bad,bad,bad/bad,0.009213959007848048,0.009422313255675404,3336,2429,4235,110,360,240,550,130,190,41.28,9.24,25.44,39.34,33.36,24.29,42.35,10000,35.092592592592595,0.18518518518518517,64.72222222222223,10,40,61.75925925925926,20.462962962962962,17.77777777777778,50,130,58.425925925925924,0.0,41.574074074074076,70,160,29.166666666666668,0.0,70.83333333333333,100,220,6.666666666666667,22.12962962962963,71.20370370370371,130,290,16.666666666666668,72.4074074074074,10.925925925925926,140,330,29.90740740740741,52.5,17.59259259259259,190,430,23.425925925925927,15.555555555555555,61.01851851851852,200,500,34.53703703703704,34.44444444444444,31.01851851851852,230,550,51.07142857142857,27.857142857142858,21.071428571428573,240,550
37,bad,bad,bad/bad,0.006500745811239406,0.009467807802002898,4075,2918,3007,90,320,310,530,220,210,31.88,25.32,49.62,33.04,40.75,29.18,30.07,10000,38.7962962962963,45.370370370370374,15.833333333333334,30,30,27.12962962962963,16.01851851851852,56.851851851851855,50,110,36.666666666666664,0.0,63.333333333333336,110,150,9.722222222222221,47.77777777777778,42.5,120,220,35.27777777777778,8.055555555555555,56.666666666666664,170,240,51.574074074074076,39.351851851851855,9.074074074074074,200,340,74.81481481481481,25.185185185185187,0.0,230,410,33.425925925925924,61.851851851851855,4.722222222222222,230,480,69.53703703703704,1.1111111111111112,29.35185185185185,310,500,1.4285714285714286,98.21428571428571,0.35714285714285715,310,530
38,bad,bad,bad/bad,0.006993676971992756,0.009012885779472924,4456,3008,2536,80,400,410,500,330,100,33.0,54.38,56.12,5.78,44.56,30.08,25.36,10000,78.14814814814815,0.18518518518518517,21.666666666666668,30,80,55.18518518518518,38.05555555555556,6.7592592592592595,110,150,6.666666666666667,71.38888888888889,21.944444444444443,130,220,12.777777777777779,47.68518518518518,39.53703703703704,180,260,0.0,94.44444444444444,5.555555555555555,180,320,87.12962962962963,10.555555555555555,2.314814814814815,250,340,100.0,0.0,0.0,300,390,25.462962962962962,0.0,74.53703703703704,360,450,42.31481481481482,0.0,57.68518518518518,390,500,18.928571428571427,62.5,18.571428571428573,410,500
39,bad,good,bad/good,0.011228036363222295,0.1592948206688813,5567,2920,1513,120,780,480,940,360,160,61.26,27.82,50.08,30.58,55.67,29.2,15.13,10000,40.925925925925924,0.18518518518518517,58.888888888888886,30,110,98.51851851851852,0.0,1.4814814814814814,110,220,78.98148148148148,11.38888888888889,9.62962962962963,170,280,1.8518518518518519,97.87037037037037,0.2777777777777778,170,440,63.333333333333336,19.35185185185185,17.314814814814813,250,530,48.333333333333336,22.962962962962962,28.703703703703702,270,640,99.72222222222223,0.0,0.2777777777777778,360,750,10.648148148148149,68.51851851851852,20.833333333333332,370,800,47.22222222222222,50.092592592592595,2.685185185185185,470,910,100.0,0.0,0.0,480,940
40,bad,bad,bad/bad,0.01084700509350538,0.010613772107826974,4027,3989,1984,180,360,490,690,310,330,40.42,48.58,40.12,31.2,40.27,39.89,19.84,10000,72.5925925925926,5.648148148148148,21.75925925925926,50,30,25.833333333333332,40.0,34.166666666666664,120,120,82.68518518518519,15.462962962962964,1.8518518518518519,190,180,6.018518518518518,63.98148148148148,30.0,240,250,0.0,99.81481481481481,0.18518518518518517,250,380,73.79629629629629,14.537037037037036,11.666666666666666,360,410,22.22222222222222,30.64814814814815,47.129629629629626,400,490,51.111111111111114,20.555555555555557,28.333333333333332,470,560,38.611111111111114,52.77777777777778,8.61111111111111,480,640,0.0,100.0,0.0,490,690
41,bad,good,bad/good,0.008663176736494542,0.17825070211347072,4565,3945,1490,170,650,570,800,400,150,67.06,21.44,24.24,57.46,45.65,39.45,14.9,10000,72.96296296296296,15.462962962962964,11.574074074074074,130,110,49.907407407407405,48.51851851851852,1.5740740740740742,200,200,62.592592592592595,8.518518518518519,28.88888888888889,270,280,61.48148148148148,26.75925925925926,11.75925925925926,280,380,63.51851851851852,0.0,36.48148148148148,370,460,50.925925925925924,20.185185185185187,28.88888888888889,480,510,0.0,99.53703703703704,0.46296296296296297,480,650,0.0,100.0,0.0,500,700,58.98148148148148,22.77777777777778,18.24074074074074,530,760,8.928571428571429,90.71428571428571,0.35714285714285715,570,800
42,bad,bad,bad/bad,0.009131980708642965,0.014147169644855245,2636,4184,3180,110,430,240,750,130,320,45.96,41.28,6.76,42.4,26.36,41.84,31.8,10000,43.333333333333336,47.5,9.166666666666666,40,60,51.01851851851852,17.40740740740741,31.574074074074073,70,140,91.85185185185185,0.0,8.148148148148149,110,200,26.574074074074073,36.2037037037037,37.22222222222222,130,250,0.0,90.0,10.0,140,410,0.0,65.83333333333333,34.166666666666664,170,500,31.296296296296298,25.833333333333332,42.870370370370374,220,560,0.0,73.33333333333333,26.666666666666668,230,670,0.0,26.75925925925926,73.24074074074075,240,740,0.0,17.5,82.5,240,750
43,good,good,good/good,0.19261557695206602,0.14060853579686697,2956,5053,1991,570,670,750,940,180,270,32.54,57.12,26.58,43.94,29.56,50.53,19.91,10000,42.68518518518518,47.31481481481482,10.0,130,120,4.62962962962963,75.37037037037037,20.0,180,220,0.0,81.94444444444444,18.055555555555557,250,280,46.48148148148148,40.18518518518518,13.333333333333334,360,390,56.851851851851855,19.62962962962963,23.51851851851852,490,490,39.44444444444444,50.092592592592595,10.462962962962964,560,540,51.111111111111114,34.25925925925926,14.62962962962963,580,680,17.40740740740741,8.425925925925926,74.16666666666667,690,730,9.444444444444445,90.37037037037037,0.18518518518518517,740,870,21.785714285714285,78.21428571428571,0.0,750,940
44,bad,bad,bad/bad,0.008453593800388242,0.013360697589553574,2904,3642,3454,70,370,270,570,200,200,52.44,7.12,5.64,65.72,29.04,36.42,34.54,10000,20.64814814814815,0.18518518518518517,79.16666666666667,20,40,83.42592592592592,0.0,16.574074074074073,80,110,65.74074074074075,15.0,19.25925925925926,130,150,72.96296296296296,0.18518518518518517,26.85185185185185,210,210,0.0,17.59259259259259,82.4074074074074,220,240,0.0,72.4074074074074,27.59259259259259,230,360,0.0,92.5,7.5,240,430,0.0,47.68518518518518,52.31481481481482,240,500,0.18518518518518517,91.66666666666667,8.148148148148149,250,550,100.0,0.0,0.0,270,570
45,good,bad,good/bad,0.11534896940071662,0.01325804618993658,3598,4431,1971,640,410,920,730,280,320,48.94,38.74,23.02,49.88,35.98,44.31,19.71,10000,43.425925925925924,49.25925925925926,7.314814814814815,90,90,27.12962962962963,49.351851851851855,23.51851851851852,230,180,37.870370370370374,6.481481481481482,55.648148148148145,280,250,25.462962962962962,67.31481481481481,7.222222222222222,390,330,92.68518518518519,6.944444444444445,0.37037037037037035,500,380,33.611111111111114,28.703703703703702,37.68518518518518,650,460,2.314814814814815,85.46296296296296,12.222222222222221,720,510,42.31481481481482,42.31481481481482,15.37037037037037,790,610,28.333333333333332,48.51851851851852,23.14814814814815,910,690,0.0,100.0,0.0,920,730
46,bad,good,bad/good,0.009877031799954286,0.15668139519117588,5555,2128,2317,220,730,560,890,340,160,74.04,9.24,37.06,33.32,55.55,21.28,23.17,10000,57.96296296296296,8.425925925925926,33.611111111111114,70,130,86.48148148148148,0.0,13.518518518518519,120,220,61.2962962962963,22.037037037037038,16.666666666666668,220,290,92.4074074074074,3.3333333333333335,4.2592592592592595,260,390,44.629629629629626,8.981481481481481,46.388888888888886,380,460,0.0,32.870370370370374,67.12962962962963,400,570,13.981481481481481,75.83333333333333,10.185185185185185,430,740,56.388888888888886,35.370370370370374,8.24074074074074,490,790,75.27777777777777,10.185185185185185,14.537037037037036,530,860,100.0,0.0,0.0,560,890
47,bad,bad,bad/bad,0.01307908555612662,0.012198287082755672,4417,2323,3260,170,390,380,520,210,130,57.46,6.98,30.88,39.48,44.17,23.23,32.6,10000,43.425925925925924,10.092592592592593,46.48148148148148,10,60,30.462962962962962,18.61111111111111,50.925925925925924,20,120,100.0,0.0,0.0,60,180,56.574074074074076,0.0,43.425925925925924,100,240,35.55555555555556,3.611111111111111,60.833333333333336,160,260,21.296296296296298,72.03703703703704,6.666666666666667,200,350,22.962962962962962,46.851851851851855,30.185185185185187,240,450,12.12962962962963,31.38888888888889,56.48148148148148,270,490,86.57407407407408,6.574074074074074,6.851851851851852,370,510,0.0,100.0,0.0,380,520
48,good,bad,good/bad,0.1562087702921687,0.009573756403401369,3610,4587,1803,600,420,850,650,250,230,36.48,51.88,35.72,39.86,36.1,45.87,18.03,10000,35.18518518518518,60.18518518518518,4.62962962962963,110,60,10.0,90.0,0.0,180,180,38.7037037037037,49.81481481481482,11.481481481481481,250,230,29.537037037037038,9.444444444444445,61.01851851851852,380,260,55.46296296296296,30.74074074074074,13.796296296296296,480,330,63.98148148148148,33.888888888888886,2.1296296296296298,570,400,39.907407407407405,20.555555555555557,39.53703703703704,690,490,7.87037037037037,75.27777777777777,16.85185185185185,750,570,42.5,54.81481481481482,2.685185185185185,830,640,42.857142857142854,0.0,57.142857142857146,850,650
49,good,bad,good/bad,0.20941223624601824,0.010198683318410364,1752,5884,2364,590,380,700,710,110,330,24.14,56.92,10.9,60.76,17.52,58.84,23.64,10000,0.0,27.12962962962963,72.87037037037037,110,130,8.518518518518519,65.92592592592592,25.555555555555557,180,230,4.166666666666667,80.0925925925926,15.74074074074074,250,300,34.53703703703704,58.7962962962963,6.666666666666667,340,360,64.53703703703704,31.574074074074073,3.888888888888889,390,380,0.0,72.77777777777777,27.22222222222222,460,500,0.0,71.57407407407408,28.425925925925927,490,530,19.90740740740741,53.98148148148148,26.11111111111111,570,600,16.75925925925926,70.83333333333333,12.407407407407407,640,690,53.214285714285715,46.785714285714285,0.0,700,710
50,bad,good,bad/good,0.008447169350706076,0.1377398970270646,4341,3747,1912,140,680,360,950,220,270,43.92,28.6,42.9,46.34,43.41,37.47,19.12,10000,38.148148148148145,24.444444444444443,37.407407407407405,60,170,49.72222222222222,0.0,50.27777777777778,160,220,64.72222222222223,10.462962962962964,24.814814814814813,230,300,50.74074074074074,35.0,14.25925925925926,240,350,0.0,62.5,37.5,240,510,0.0,97.22222222222223,2.7777777777777777,250,600,71.66666666666667,20.555555555555557,7.777777777777778,280,730,59.53703703703704,39.53703703703704,0.9259259259259259,310,770,41.75925925925926,57.22222222222222,1.0185185185185186,350,920,98.92857142857143,0.0,1.0714285714285714,360,950
51,bad,good,bad/good,0.008960019742413944,0.14786863143094206,3263,3396,3341,130,730,310,1000,180,270,31.82,30.34,33.44,37.58,32.63,33.96,33.41,10000,46.851851851851855,0.18518518518518517,52.96296296296296,30,90,57.407407407407405,0.0,42.592592592592595,120,190,13.88888888888889,1.6666666666666667,84.44444444444444,160,250,1.6666666666666667,95.0925925925926,3.240740740740741,180,430,27.5,43.51851851851852,28.98148148148148,210,500,0.0,68.51851851851852,31.48148148148148,220,680,51.94444444444444,2.1296296296296298,45.925925925925924,230,740,0.0,85.27777777777777,14.722222222222221,250,820,78.61111111111111,18.055555555555557,3.3333333333333335,310,960,93.57142857142857,0.0,6.428571428571429,310,1000
52,good,good,good/good,0.22716410758724181,0.13985034198077334,5587,2745,1668,660,760,940,980,280,220,51.2,37.44,60.54,17.46,55.87,27.45,16.68,10000,44.629629629629626,45.925925925925924,9.444444444444445,130,160,70.55555555555556,19.537037037037038,9.907407407407407,240,230,55.55555555555556,32.03703703703704,12.407407407407407,330,290,19.25925925925926,46.574074074074076,34.166666666666664,430,430,47.03703703703704,29.25925925925926,23.703703703703702,500,500,72.68518518518519,13.796296296296296,13.518518518518519,590,630,92.5925925925926,4.166666666666667,3.240740740740741,740,690,83.14814814814815,1.6666666666666667,15.185185185185185,820,780,31.85185185185185,53.148148148148145,15.0,900,940,0.0,31.071428571428573,68.92857142857143,940,980
53,bad,good,bad/good,0.010983612238028937,0.1445198097532243,3989,2611,3400,130,660,440,830,310,170,57.36,13.58,22.42,38.64,39.89,26.11,34.0,10000,47.592592592592595,0.18518518518518517,52.22222222222222,50,90,49.074074074074076,24.90740740740741,26.01851851851852,120,160,38.98148148148148,0.0,61.01851851851852,180,250,52.03703703703704,15.74074074074074,32.22222222222222,230,360,77.87037037037037,22.037037037037038,0.09259259259259259,290,460,83.14814814814815,16.85185185185185,0.0,360,520,12.5,45.74074074074074,41.75925925925926,360,690,7.87037037037037,8.24074074074074,83.88888888888889,400,750,0.0,82.5925925925926,17.40740740740741,430,790,1.0714285714285714,98.21428571428571,0.7142857142857143,440,830
54,bad,bad,bad/bad,0.010284789225895229,0.011796242926563163,4916,1832,3252,120,360,440,470,320,110,45.04,15.68,53.28,20.96,49.16,18.32,32.52,10000,46.2962962962963,43.333333333333336,10.37037037037037,50,80,16.666666666666668,11.11111111111111,72.22222222222223,100,140,0.0,15.833333333333334,84.16666666666667,120,190,74.62962962962963,0.46296296296296297,24.90740740740741,220,230,70.92592592592592,1.8518518518518519,27.22222222222222,230,270,11.018518518518519,60.46296296296296,28.51851851851852,240,340,63.425925925925924,36.574074074074076,0.0,300,370,100.0,0.0,0.0,340,420,71.38888888888889,0.0,28.61111111111111,420,450,3.2142857142857144,0.0,96.78571428571429,440,470
55,good,good,good/good,0.12453321513905227,0.19765175802407625,3821,3280,2899,510,720,830,890,320,170,38.12,38.44,38.3,27.16,38.21,32.8,28.99,10000,23.61111111111111,17.037037037037038,59.351851851851855,70,140,53.425925925925924,13.148148148148149,33.425925925925924,230,250,64.35185185185185,34.907407407407405,0.7407407407407407,310,320,35.092592592592595,51.666666666666664,13.24074074074074,440,480,0.0,61.2037037037037,38.7962962962963,490,520,43.425925925925924,41.01851851851852,15.555555555555555,590,590,10.925925925925926,25.64814814814815,63.425925925925924,640,720,43.51851851851852,36.01851851851852,20.462962962962962,750,750,55.46296296296296,23.055555555555557,21.48148148148148,820,880,92.5,0.0,7.5,830,890
56,bad,good,bad/good,0.011940738040362593,0.14989065527218998,4526,2430,3044,190,750,460,910,270,160,60.26,8.26,30.26,40.34,45.26,24.3,30.44,10000,52.870370370370374,0.18518518518518517,46.94444444444444,40,80,33.333333333333336,28.98148148148148,37.68518518518518,100,150,32.5,0.6481481481481481,66.85185185185185,150,240,69.81481481481481,8.148148148148149,22.037037037037038,240,270,90.46296296296296,0.2777777777777778,9.25925925925926,280,370,74.07407407407408,0.0,25.925925925925927,330,490,66.01851851851852,19.166666666666668,14.814814814814815,390,530,0.0,95.46296296296296,4.537037037037037,430,730,0.0,48.7037037037037,51.2962962962963,460,850,0.0,90.35714285714286,9.642857142857142,460,910
57,bad,good,bad/good,0.005761498461915666,0.1962262312219589,5454,1735,2811,70,750,420,880,350,130,51.6,20.52,57.48,14.18,54.54,17.35,28.11,10000,43.24074074074074,14.907407407407407,41.851851851851855,30,110,62.22222222222222,0.0,37.77777777777778,120,230,3.7962962962962963,33.611111111111114,62.592592592592595,140,340,41.01851851851852,37.96296296296296,21.01851851851852,190,470,88.61111111111111,8.518518518518519,2.8703703703703702,240,540,93.51851851851852,1.8518518518518519,4.62962962962963,280,630,71.01851851851852,0.0,28.98148148148148,360,720,68.42592592592592,0.6481481481481481,30.925925925925927,410,770,32.22222222222222,38.148148148148145,29.62962962962963,420,880,3.5714285714285716,96.42857142857143,0.0,420,880
58,bad,bad,bad/bad,0.012376756065932705,0.012325772344561576,5399,1825,2776,160,380,430,500,270,120,57.88,17.82,50.1,18.68,53.99,18.25,27.76,10000,20.27777777777778,38.7037037037037,41.01851851851852,30,100,84.62962962962963,4.351851851851852,11.018518518518519,110,170,28.61111111111111,14.444444444444445,56.94444444444444,150,230,77.4074074074074,0.0,22.59259259259259,230,260,57.03703703703704,25.0,17.962962962962962,250,310,55.648148148148145,5.7407407407407405,38.611111111111114,270,370,86.01851851851852,0.0,13.981481481481481,320,370,55.46296296296296,29.35185185185185,15.185185185185185,380,410,13.333333333333334,49.81481481481482,36.851851851851855,410,490,82.85714285714286,6.071428571428571,11.071428571428571,430,500
59,bad,bad,bad/bad,0.010010241983554933,0.005584982106491386,3339,4438,2223,130,210,350,480,220,270,46.66,38.5,20.12,50.26,33.39,44.38,22.23,10000,4.444444444444445,36.48148148148148,59.074074074074076,10,30,48.7962962962963,32.5,18.703703703703702,20,90,98.88888888888889,0.0,1.1111111111111112,80,130,44.53703703703704,53.611111111111114,1.8518518518518519,160,190,19.35185185185185,55.648148148148145,25.0,210,250,14.62962962962963,49.074074074074076,36.2962962962963,230,280,0.0,100.0,0.0,240,400,0.2777777777777778,83.14814814814815,16.574074074074073,260,480,52.31481481481482,0.46296296296296297,47.22222222222222,310,480,100.0,0.0,0.0,350,480
60,good,bad,good/bad,0.11048241274955226,0.0051779617598749035,4087,4700,1213,450,170,700,480,250,310,52.62,41.0,29.12,53.0,40.87,47.0,12.13,10000,41.48148148148148,58.24074074074074,0.2777777777777778,120,30,0.9259259259259259,99.07407407407408,0.0,180,120,78.70370370370371,19.25925925925926,2.037037037037037,240,140,93.70370370370371,5.555555555555555,0.7407407407407407,340,150,28.796296296296298,7.685185185185185,63.51851851851852,420,180,17.12962962962963,60.370370370370374,22.5,490,250,8.24074074074074,69.62962962962963,22.12962962962963,550,270,50.55555555555556,49.44444444444444,0.0,610,380,58.888888888888886,41.111111111111114,0.0,700,420,0.0,95.71428571428571,4.285714285714286,700,480
61,bad,bad,bad/bad,0.0124534940812634,0.006920225533431192,4304,2321,3375,160,320,420,420,260,100,37.34,29.38,48.74,17.04,43.04,23.21,33.75,10000,0.0,76.11111111111111,23.88888888888889,30,30,39.074074074074076,17.59259259259259,43.333333333333336,60,100,30.09259259259259,24.62962962962963,45.27777777777778,110,150,15.0,6.481481481481482,78.51851851851852,150,200,88.70370370370371,11.203703703703704,0.09259259259259259,210,230,91.48148148148148,1.1111111111111112,7.407407407407407,250,250,1.8518518518518519,35.092592592592595,63.05555555555556,260,300,88.05555555555556,3.5185185185185186,8.425925925925926,350,350,32.31481481481482,26.48148148148148,41.2037037037037,380,410,46.07142857142857,48.92857142857143,5.0,420,420
62,bad,good,bad/good,0.010792039481300978,0.1405448101170099,5330,3053,1617,200,740,480,1000,280,260,49.12,33.22,57.48,27.84,53.3,30.53,16.17,10000,47.31481481481482,15.74074074074074,36.94444444444444,50,120,63.7037037037037,0.0,36.2962962962963,120,230,35.0,34.72222222222222,30.27777777777778,170,300,31.01851851851852,68.88888888888889,0.09259259259259259,210,490,50.370370370370374,34.44444444444444,15.185185185185185,230,590,95.0,1.5740740740740742,3.425925925925926,300,690,82.87037037037037,0.0,17.12962962962963,350,750,0.0,99.62962962962963,0.37037037037037035,370,870,62.31481481481482,27.685185185185187,10.0,470,990,100.0,0.0,0.0,480,1000
63,good,bad,good/bad,0.1647888004996463,0.011734000830821854,3560,4072,2368,540,290,820,510,280,220,32.66,52.98,38.54,28.46,35.6,40.72,23.68,10000,0.0,84.25925925925925,15.74074074074074,80,130,64.07407407407408,28.88888888888889,7.037037037037037,190,170,0.0,46.388888888888886,53.611111111111114,250,250,48.7962962962963,37.68518518518518,13.518518518518519,350,320,38.333333333333336,48.05555555555556,13.61111111111111,450,350,35.092592592592595,64.62962962962963,0.2777777777777778,530,460,63.98148148148148,0.0,36.01851851851852,640,480,6.481481481481482,48.333333333333336,45.18518518518518,700,490,61.666666666666664,6.574074074074074,31.75925925925926,750,500,43.214285714285715,47.142857142857146,9.642857142857142,820,510
64,bad,good,bad/good,0.012569620369619419,0.197416266165318,4449,3164,2387,110,780,490,960,380,180,69.0,12.34,19.98,50.94,44.49,31.64,23.87,10000,42.22222222222222,22.685185185185187,35.092592592592595,40,80,78.98148148148148,7.037037037037037,13.981481481481481,130,210,61.851851851851855,4.351851851851852,33.7962962962963,220,300,74.81481481481481,23.055555555555557,2.1296296296296298,260,400,61.574074074074076,0.0,38.425925925925924,330,490,40.648148148148145,58.24074074074074,1.1111111111111112,370,570,4.722222222222222,51.94444444444444,43.333333333333336,390,720,47.129629629629626,30.64814814814815,22.22222222222222,480,780,0.0,92.77777777777777,7.222222222222222,490,930,0.0,8.571428571428571,91.42857142857143,490,960
65,good,good,good/good,0.1640190696363995,0.166229344577651,2999,3886,3115,600,760,790,1000,190,240,25.74,43.92,34.24,33.8,29.99,38.86,31.15,10000,46.48148148148148,20.462962962962962,33.05555555555556,160,130,23.88888888888889,49.166666666666664,26.944444444444443,240,220,4.722222222222222,64.25925925925925,31.01851851851852,300,300,22.59259259259259,20.185185185185187,57.22222222222222,380,490,21.48148148148148,49.25925925925926,29.25925925925926,480,600,100.0,0.0,0.0,530,670,42.68518518518518,0.0,57.31481481481482,630,750,11.11111111111111,58.333333333333336,30.555555555555557,710,820,0.0,78.61111111111111,21.38888888888889,760,1000,18.214285714285715,75.35714285714286,6.428571428571429,790,1000
66,good,good,good/good,0.12176278276090954,0.1690117126794117,4342,3652,2006,610,590,840,890,230,300,47.54,40.16,39.3,32.88,43.42,36.52,20.06,10000,55.27777777777778,15.092592592592593,29.62962962962963,120,110,93.33333333333333,0.0,6.666666666666667,240,200,54.166666666666664,6.296296296296297,39.53703703703704,290,250,15.0,84.9074074074074,0.09259259259259259,410,380,2.314814814814815,79.62962962962963,18.055555555555557,500,510,30.462962962962962,52.5,17.037037037037038,590,600,24.35185185185185,37.31481481481482,38.333333333333336,660,730,85.46296296296296,0.0,14.537037037037036,750,750,41.574074074074076,52.03703703703704,6.388888888888889,800,830,0.35714285714285715,40.0,59.642857142857146,840,890
67,bad,good,bad/good,0.010154967610423778,0.14135620178801803,5434,2698,1868,150,630,540,790,390,160,54.22,32.32,54.46,21.64,54.34,26.98,18.68,10000,81.94444444444444,0.18518518518518517,17.87037037037037,110,110,28.61111111111111,24.814814814814813,46.574074074074076,130,210,13.703703703703704,56.48148148148148,29.814814814814813,160,300,61.94444444444444,32.96296296296296,5.092592592592593,240,360,64.81481481481481,35.18518518518518,0.0,280,460,78.98148148148148,0.9259259259259259,20.09259259259259,380,500,47.592592592592595,48.24074074074074,4.166666666666667,450,620,70.83333333333333,2.962962962962963,26.203703703703702,500,720,54.72222222222222,22.12962962962963,23.14814814814815,530,770,0.0,100.0,0.0,540,790
68,bad,bad,bad/bad,0.008300594504691361,0.012350392811192486,4900,2890,2210,120,410,440,660,320,250,55.7,26.36,42.3,31.44,49.0,28.9,22.1,10000,48.7962962962963,20.555555555555557,30.64814814814815,60,110,69.53703703703704,30.462962962962962,0.0,130,170,53.333333333333336,19.35185185185185,27.314814814814813,210,220,49.81481481481482,34.81481481481482,15.37037037037037,250,270,36.388888888888886,16.85185185185185,46.75925925925926,270,320,92.77777777777777,0.0,7.222222222222222,300,370,79.16666666666667,0.0,20.833333333333332,400,420,23.88888888888889,23.333333333333332,52.77777777777778,440,500,0.0,96.29629629629629,3.7037037037037037,440,610,0.0,100.0,0.0,440,660
69,good,bad,good/bad,0.15702040917018195,0.012373097165680262,1631,6192,2177,620,350,750,810,130,460,11.48,65.1,21.14,58.74,16.31,61.92,21.77,10000,16.574074074074073,59.629629629629626,23.796296296296298,120,130,0.0,42.129629629629626,57.870370370370374,200,210,0.0,84.35185185185185,15.648148148148149,250,280,22.22222222222222,49.53703703703704,28.24074074074074,320,320,14.351851851851851,65.74074074074075,19.90740740740741,370,440,39.81481481481482,24.62962962962963,35.55555555555556,500,510,17.5,69.62962962962963,12.87037037037037,560,550,35.18518518518518,64.62962962962963,0.18518518518518517,660,660,5.37037037037037,87.12962962962963,7.5,740,770,0.0,100.0,0.0,750,810
70,bad,good,bad/good,0.014662719293152538,0.18296723321960556,5008,1704,3288,190,750,540,840,350,90,52.14,13.22,48.02,20.86,50.08,17.04,32.88,10000,52.407407407407405,6.7592592592592595,40.833333333333336,30,120,57.870370370370374,0.0,42.129629629629626,100,180,37.22222222222222,0.6481481481481481,62.129629629629626,190,250,22.5,26.75925925925926,50.74074074074074,220,290,71.38888888888889,27.037037037037038,1.5740740740740742,250,390,48.05555555555556,0.0,51.94444444444444,310,500,44.907407407407405,35.0,20.09259259259259,390,600,26.75925925925926,49.907407407407405,23.333333333333332,480,740,76.66666666666667,11.666666666666666,11.666666666666666,520,810,100.0,0.0,0.0,540,840
71,bad,good,bad/good,0.013490620621773409,0.16155741896632828,4075,3739,2186,100,760,280,1010,180,250,43.44,31.94,38.06,42.84,40.75,37.39,21.86,10000,69.62962962962963,14.074074074074074,16.296296296296298,50,140,84.53703703703704,0.0,15.462962962962964,100,220,13.333333333333334,29.90740740740741,56.75925925925926,110,320,10.092592592592593,37.407407407407405,52.5,120,490,23.51851851851852,66.48148148148148,10.0,150,560,26.01851851851852,54.629629629629626,19.35185185185185,160,720,39.53703703703704,49.351851851851855,11.11111111111111,210,800,12.87037037037037,87.03703703703704,0.09259259259259259,230,920,74.62962962962963,7.12962962962963,18.24074074074074,250,1000,89.28571428571429,0.7142857142857143,10.0,280,1010
72,good,bad,good/bad,0.15470356325181073,0.007418016499622353,2718,5672,1610,530,260,740,740,210,480,30.24,63.38,24.12,50.06,27.18,56.72,16.1,10000,0.0,74.62962962962963,25.37037037037037,70,100,0.8333333333333334,83.61111111111111,15.555555555555555,150,160,42.96296296296296,55.648148148148145,1.3888888888888888,230,250,31.666666666666668,44.074074074074076,24.25925925925926,310,340,64.53703703703704,35.46296296296296,0.0,460,390,42.77777777777778,55.833333333333336,1.3888888888888888,540,480,28.51851851851852,27.22222222222222,44.25925925925926,590,550,40.370370370370374,59.351851851851855,0.2777777777777778,690,610,0.0,88.05555555555556,11.944444444444445,730,730,0.0,5.0,95.0,740,740
73,bad,good,bad/good,0.012711255825362111,0.11890820226988638,4489,2646,2865,210,690,490,840,280,150,69.82,5.08,19.96,47.84,44.89,26.46,28.65,10000,51.2037037037037,3.888888888888889,44.907407407407405,70,120,60.55555555555556,10.37037037037037,29.074074074074073,130,220,83.51851851851852,0.0,16.48148148148148,190,270,61.94444444444444,9.25925925925926,28.796296296296298,290,360,66.01851851851852,0.0,33.98148148148148,350,450,66.11111111111111,22.685185185185187,11.203703703703704,420,520,21.574074074074073,63.425925925925924,15.0,440,600,4.722222222222222,69.9074074074074,25.37037037037037,480,730,0.0,39.53703703703704,60.46296296296296,490,830,0.0,100.0,0.0,490,840
74,bad,bad,bad/bad,0.008753321524083322,0.00616785501383347,5022,1821,3157,90,290,350,450,260,160,49.94,10.0,50.5,26.42,50.22,18.21,31.57,10000,47.870370370370374,27.037037037037038,25.09259259259259,40,70,54.629629629629626,19.25925925925926,26.11111111111111,60,130,48.51851851851852,0.0,51.48148148148148,90,190,37.129629629629626,0.0,62.870370370370374,100,220,43.05555555555556,0.0,56.94444444444444,120,230,58.51851851851852,0.0,41.48148148148148,210,260,37.68518518518518,37.129629629629626,25.185185185185187,240,300,13.61111111111111,83.24074074074075,3.1481481481481484,250,420,98.05555555555556,1.9444444444444444,0.0,310,440,100.0,0.0,0.0,350,450
75,bad,bad,bad/bad,0.006748358785665721,0.009779446217721,5204,1899,2897,60,350,490,490,430,140,63.52,2.26,40.56,35.72,52.04,18.99,28.97,10000,2.2222222222222223,0.18518518518518517,97.5925925925926,0,40,60.18518518518518,2.2222222222222223,37.592592592592595,60,120,55.74074074074074,7.407407407407407,36.851851851851855,120,160,80.46296296296296,0.0,19.537037037037038,200,190,95.46296296296296,0.6481481481481481,3.888888888888889,300,210,56.48148148148148,0.0,43.51851851851852,390,240,70.0,14.166666666666666,15.833333333333334,460,300,61.2962962962963,35.092592592592595,3.611111111111111,480,370,0.0,90.18518518518519,9.814814814814815,490,480,0.0,100.0,0.0,490,490
76,bad,bad,bad/bad,0.009908573755541366,0.013374484580833042,5237,2725,2038,160,420,480,620,320,200,41.42,40.52,63.32,13.98,52.37,27.25,20.38,10000,35.74074074074074,8.148148148148149,56.111111111111114,60,50,90.55555555555556,8.055555555555555,1.3888888888888888,130,100,42.592592592592595,57.407407407407405,0.0,210,180,2.4074074074074074,44.44444444444444,53.148148148148145,240,250,20.462962962962962,69.53703703703704,10.0,300,360,75.27777777777777,0.0,24.72222222222222,350,420,72.4074074074074,0.0,27.59259259259259,410,480,62.68518518518518,35.27777777777778,2.037037037037037,450,550,61.111111111111114,29.444444444444443,9.444444444444445,480,610,83.57142857142857,0.0,16.428571428571427,480,620
77,good,good,good/good,0.1497349283073174,0.14452285797767822,3282,3131,3587,540,650,740,820,200,170,44.92,36.5,20.72,26.12,32.82,31.31,35.87,10000,23.51851851851852,37.129629629629626,39.351851851851855,100,120,88.61111111111111,9.166666666666666,2.2222222222222223,240,200,75.0,2.5,22.5,330,250,18.24074074074074,57.68518518518518,24.074074074074073,370,340,2.5925925925925926,62.5,34.907407407407405,440,480,15.555555555555555,30.64814814814815,53.7962962962963,480,530,53.7037037037037,15.833333333333334,30.462962962962962,580,630,8.88888888888889,6.388888888888889,84.72222222222223,640,730,16.574074074074073,57.96296296296296,25.462962962962962,720,790,4.642857142857143,38.92857142857143,56.42857142857143,740,820
78,good,bad,good/bad,0.13175818328846983,0.010227185490049,4272,4062,1666,570,340,830,610,260,270,50.26,36.26,35.18,44.98,42.72,40.62,16.66,10000,18.425925925925927,35.0,46.574074074074076,70,90,36.48148148148148,53.7037037037037,9.814814814814815,200,140,97.5925925925926,1.9444444444444444,0.46296296296296297,320,170,63.611111111111114,15.092592592592593,21.296296296296298,490,240,16.574074074074073,62.129629629629626,21.296296296296298,520,320,91.66666666666667,8.333333333333334,0.0,590,340,19.35185185185185,59.351851851851855,21.296296296296298,710,470,22.037037037037038,44.44444444444444,33.51851851851852,760,510,9.25925925925926,90.74074074074075,0.0,820,590,79.28571428571429,20.714285714285715,0.0,830,610
79,bad,good,bad/good,0.009933999711239113,0.138580653330928,3757,3528,2715,140,670,390,930,250,260,30.08,36.9,45.06,33.66,37.57,35.28,27.15,10000,49.81481481481482,0.18518518518518517,50.0,30,110,68.24074074074075,0.0,31.75925925925926,140,240,2.314814814814815,60.18518518518518,37.5,140,330,13.703703703703704,74.72222222222223,11.574074074074074,170,410,5.185185185185185,35.74074074074074,59.074074074074076,180,500,51.2962962962963,48.611111111111114,0.09259259259259259,240,670,98.14814814814815,0.0,1.8518518518518519,300,730,59.166666666666664,11.944444444444445,28.88888888888889,360,760,0.0,76.11111111111111,23.88888888888889,380,870,0.0,73.92857142857143,26.071428571428573,390,930
80,good,good,good/good,0.11267536962511829,0.16341234370298088,3752,3733,2515,580,780,800,940,220,160,33.82,32.08,41.22,42.58,37.52,37.33,25.15,10000,43.333333333333336,26.75925925925926,29.90740740740741,80,130,14.62962962962963,21.01851851851852,64.35185185185185,200,250,16.11111111111111,61.111111111111114,22.77777777777778,250,280,68.51851851851852,11.851851851851851,19.62962962962963,330,380,13.981481481481481,27.77777777777778,58.24074074074074,430,500,4.537037037037037,89.25925925925925,6.203703703703703,500,630,93.88888888888889,0.0,6.111111111111111,620,740,65.27777777777777,34.72222222222222,0.0,700,800,11.75925925925926,73.14814814814815,15.092592592592593,760,910,59.285714285714285,0.0,40.714285714285715,800,940
81,good,bad,good/bad,0.08809234375817863,0.005861533110289469,3102,4663,2235,480,260,620,670,140,410,31.14,49.66,30.9,43.6,31.02,46.63,22.35,10000,36.01851851851852,43.425925925925924,20.555555555555557,40,110,92.12962962962963,0.0,7.87037037037037,120,130,9.074074074074074,56.01851851851852,34.907407407407405,230,220,3.888888888888889,60.0,36.111111111111114,280,260,3.0555555555555554,70.46296296296296,26.48148148148148,310,350,56.94444444444444,41.111111111111114,1.9444444444444444,380,400,52.22222222222222,46.111111111111114,1.6666666666666667,490,480,29.074074074074073,34.81481481481482,36.111111111111114,530,550,1.2037037037037037,74.35185185185185,24.444444444444443,610,640,13.928571428571429,21.071428571428573,65.0,620,670
82,bad,good,bad/good,0.0050637138889680425,0.10194144539297259,4609,2240,3151,80,650,230,800,150,150,67.76,7.62,24.42,37.18,46.09,22.4,31.51,10000,64.72222222222223,0.18518518518518517,35.092592592592595,20,110,88.14814814814815,0.0,11.851851851851851,30,220,18.51851851851852,0.0,81.48148148148148,30,250,52.77777777777778,28.703703703703702,18.51851851851852,60,330,89.53703703703704,6.388888888888889,4.074074074074074,100,420,62.870370370370374,5.648148148148148,31.48148148148148,170,480,50.18518518518518,31.203703703703702,18.61111111111111,200,520,0.0,97.31481481481481,2.685185185185185,200,690,0.0,17.962962962962962,82.03703703703704,220,750,0.0,77.14285714285714,22.857142857142858,230,800
83,bad,bad,bad/bad,0.01739931100240264,0.010412876764833027,2365,4413,3222,190,340,320,630,130,290,30.96,29.52,16.34,58.74,23.65,44.13,32.22,10000,44.25925925925926,37.31481481481482,18.425925925925927,30,50,24.72222222222222,30.27777777777778,45.0,60,120,55.370370370370374,9.722222222222221,34.907407407407405,130,160,2.314814814814815,33.611111111111114,64.07407407407408,160,200,16.666666666666668,25.74074074074074,57.592592592592595,170,230,30.462962962962962,13.88888888888889,55.648148148148145,230,280,0.0,100.0,0.0,240,420,0.0,94.25925925925925,5.7407407407407405,270,530,45.18518518518518,38.98148148148148,15.833333333333334,320,610,0.0,95.71428571428571,4.285714285714286,320,630
84,bad,good,bad/good,0.011984543022005068,0.10126417456067471,1967,4805,3228,110,530,310,800,200,270,28.16,30.64,11.18,65.46,19.67,48.05,32.28,10000,51.2962962962963,0.18518518518518517,48.51851851851852,30,90,32.592592592592595,10.185185185185185,57.22222222222222,110,180,39.074074074074076,0.0,60.925925925925924,180,240,0.0,56.388888888888886,43.611111111111114,200,340,7.407407407407407,75.0925925925926,17.5,200,480,0.0,50.18518518518518,49.81481481481482,210,530,0.0,100.0,0.0,220,610,0.0,85.37037037037037,14.62962962962963,240,730,51.75925925925926,41.574074074074076,6.666666666666667,300,790,0.0,100.0,0.0,310,800
85,bad,good,bad/good,0.011036502965560822,0.12885390525495938,5749,2652,1599,140,720,440,840,300,120,58.92,29.2,56.06,23.84,57.49,26.52,15.99,10000,88.24074074074075,0.18518518518518517,11.574074074074074,50,120,74.72222222222223,0.0,25.27777777777778,120,180,48.425925925925924,5.37037037037037,46.2037037037037,150,260,0.0,100.0,0.0,180,350,61.388888888888886,29.62962962962963,8.981481481481481,230,480,34.53703703703704,19.90740740740741,45.55555555555556,230,530,62.407407407407405,36.666666666666664,0.9259259259259259,270,650,100.0,0.0,0.0,360,750,62.592592592592595,30.555555555555557,6.851851851851852,430,840,0.0,89.64285714285714,10.357142857142858,440,840
86,bad,bad,bad/bad,0.009902709575309343,0.009934661971898115,3711,3460,2829,210,340,520,570,310,230,26.06,47.1,48.16,22.1,37.11,34.6,28.29,10000,4.62962962962963,43.611111111111114,51.75925925925926,30,60,59.074074074074076,29.814814814814813,11.11111111111111,120,130,9.074074074074074,29.90740740740741,61.01851851851852,150,190,0.0,62.68518518518518,37.31481481481482,190,290,47.870370370370374,52.03703703703704,0.09259259259259259,240,360,84.9074074074074,0.0,15.092592592592593,310,390,98.51851851851852,0.0,1.4814814814814814,440,460,11.018518518518519,70.46296296296296,18.51851851851852,480,490,28.51851851851852,29.72222222222222,41.75925925925926,520,550,0.0,8.214285714285714,91.78571428571429,520,570
87,bad,good,bad/good,0.01102245006811267,0.16142104394511833,3555,4318,2127,190,700,440,1060,250,360,23.42,65.06,47.68,21.3,35.55,43.18,21.27,10000,41.111111111111114,40.833333333333336,18.055555555555557,80,190,67.31481481481481,10.37037037037037,22.314814814814813,190,280,0.0,94.44444444444444,5.555555555555555,220,440,0.0,55.55555555555556,44.44444444444444,230,550,0.0,100.0,0.0,250,670,75.64814814814815,10.37037037037037,13.981481481481481,280,750,58.148148148148145,40.46296296296296,1.3888888888888888,330,850,55.370370370370374,8.425925925925926,36.2037037037037,390,960,31.574074074074073,13.425925925925926,55.0,440,1030,0.0,100.0,0.0,440,1060
88,good,bad,good/bad,0.13980221227612602,0.011626083290653864,4092,3816,2092,560,380,840,600,280,220,38.8,38.22,43.04,38.1,40.92,38.16,20.92,10000,12.037037037037036,40.648148148148145,47.31481481481482,70,90,26.48148148148148,5.37037037037037,68.14814814814815,150,180,68.33333333333333,7.5,24.166666666666668,270,220,71.94444444444444,24.444444444444443,3.611111111111111,390,250,0.8333333333333334,98.98148148148148,0.18518518518518517,460,290,61.75925925925926,36.851851851851855,1.3888888888888888,540,340,84.35185185185185,12.962962962962964,2.685185185185185,640,390,0.0,72.03703703703704,27.962962962962962,720,500,51.75925925925926,30.0,18.24074074074074,800,560,5.357142857142857,94.64285714285714,0.0,840,600
89,bad,good,bad/good,0.009933784706946188,0.10358335950333838,3930,3429,2641,140,620,430,790,290,170,36.9,45.5,41.7,23.08,39.3,34.29,26.41,10000,30.37037037037037,1.8518518518518519,67.77777777777777,20,110,82.5925925925926,0.0,17.40740740740741,100,240,26.944444444444443,50.55555555555556,22.5,140,290,0.0,100.0,0.0,150,380,30.925925925925927,58.24074074074074,10.833333333333334,200,490,24.444444444444443,27.22222222222222,48.333333333333336,230,560,85.55555555555556,14.074074074074074,0.37037037037037035,250,660,83.05555555555556,0.0,16.944444444444443,390,740,0.0,39.629629629629626,60.370370370370374,420,770,0.0,100.0,0.0,430,790
90,bad,good,bad/good,0.014224660138718394,0.17464645259819547,5914,2422,1664,140,580,480,700,340,120,72.12,25.58,46.16,22.86,59.14,24.22,16.64,10000,91.01851851851852,0.18518518518518517,8.796296296296296,120,120,51.75925925925926,45.833333333333336,2.4074074074074074,180,200,64.72222222222223,24.72222222222222,10.555555555555555,230,270,39.44444444444444,38.51851851851852,22.037037037037038,270,340,86.94444444444444,9.166666666666666,3.888888888888889,370,380,34.25925925925926,58.425925925925924,7.314814814814815,450,450,44.166666666666664,2.962962962962963,52.870370370370374,450,490,73.61111111111111,0.0,26.38888888888889,450,530,60.925925925925924,38.333333333333336,0.7407407407407407,480,670,2.857142857142857,23.571428571428573,73.57142857142857,480,700
91,bad,bad,bad/bad,0.01364299384393279,0.012023789319989611,3116,2917,3967,120,350,370,450,250,100,36.72,25.26,25.6,33.08,31.16,29.17,39.67,10000,0.0,40.648148148148145,59.351851851851855,10,30,44.907407407407405,11.11111111111111,43.98148148148148,40,80,55.46296296296296,26.944444444444443,17.59259259259259,120,140,69.62962962962963,25.185185185185187,5.185185185185185,190,200,0.0,13.055555555555555,86.94444444444444,200,250,0.0,94.16666666666667,5.833333333333333,210,320,36.01851851851852,45.092592592592595,18.88888888888889,250,370,67.5,13.88888888888889,18.61111111111111,340,440,15.0,0.0,85.0,370,450,0.0,0.0,100.0,370,450
92,bad,bad,bad/bad,0.011409986640186567,0.011019289809656366,4904,2848,2248,160,360,490,540,330,180,62.86,15.02,35.22,41.94,49.04,28.48,22.48,10000,12.592592592592593,25.925925925925927,61.48148148148148,20,90,85.0925925925926,4.537037037037037,10.37037037037037,110,160,78.14814814814815,17.037037037037038,4.814814814814815,210,230,49.629629629629626,4.722222222222222,45.648148148148145,220,250,65.55555555555556,17.314814814814813,17.12962962962963,260,300,37.96296296296296,46.2037037037037,15.833333333333334,310,380,52.870370370370374,37.592592592592595,9.537037037037036,390,440,14.814814814814815,50.833333333333336,34.351851851851855,420,470,34.074074074074076,57.592592592592595,8.333333333333334,470,540,90.0,7.5,2.5,490,540
93,good,bad,good/bad,0.14193725388880873,0.004556242114584627,2812,5710,1478,650,210,840,630,190,420,32.5,58.9,23.74,55.3,28.12,57.1,14.78,10000,43.333333333333336,51.111111111111114,5.555555555555555,90,110,1.8518518518518519,96.20370370370371,1.9444444444444444,200,180,31.574074074074073,48.7037037037037,19.72222222222222,250,250,58.05555555555556,35.18518518518518,6.7592592592592595,350,290,15.648148148148149,41.48148148148148,42.870370370370374,430,350,28.796296296296298,66.20370370370371,5.0,500,450,72.96296296296296,13.425925925925926,13.61111111111111,680,480,0.0,64.53703703703704,35.46296296296296,750,520,0.0,98.70370370370371,1.2962962962962963,820,600,31.428571428571427,50.714285714285715,17.857142857142858,840,630
94,bad,bad,bad/bad,0.01042285046846739,0.00465624545445428,4354,3733,1913,130,210,450,470,320,260,65.3,30.04,21.78,44.62,43.54,37.33,19.13,10000,55.092592592592595,40.370370370370374,4.537037037037037,60,30,50.27777777777778,49.72222222222222,0.0,120,110,17.5,37.03703703703704,45.46296296296296,120,180,88.33333333333333,3.425925925925926,8.24074074074074,180,200,91.11111111111111,8.518518518518519,0.37037037037037035,250,230,46.2037037037037,12.777777777777779,41.01851851851852,280,240,54.629629629629626,28.24074074074074,17.12962962962963,420,300,0.0,72.87037037037037,27.12962962962963,430,370,0.0,72.31481481481481,27.685185185185187,440,440,0.0,78.57142857142857,21.428571428571427,450,470
95,bad,bad,bad/bad,0.007571824684703438,0.008912379382061094,5446,4121,433,130,320,400,490,270,170,56.58,46.02,52.34,36.4,54.46,41.21,4.33,10000,84.53703703703704,7.685185185185185,7.777777777777778,70,20,29.444444444444443,70.55555555555556,0.0,70,80,76.94444444444444,23.055555555555557,0.0,120,130,37.870370370370374,57.96296296296296,4.166666666666667,170,210,33.148148148148145,53.7962962962963,13.055555555555555,200,250,0.0,100.0,0.0,210,310,26.666666666666668,68.51851851851852,4.814814814814815,220,380,94.62962962962963,0.0,5.37037037037037,280,440,99.72222222222223,0.0,0.2777777777777778,370,490,82.14285714285714,0.0,17.857142857142858,400,490
96,good,bad,good/bad,0.1802630300473099,0.005918477096197221,2909,4266,2825,610,290,740,520,130,230,29.62,53.68,28.56,31.64,29.09,42.66,28.25,10000,30.462962962962962,47.5,22.037037037037038,110,60,19.62962962962963,80.27777777777777,0.09259259259259259,220,120,64.81481481481481,33.98148148148148,1.2037037037037037,330,130,12.12962962962963,60.55555555555556,27.314814814814813,460,230,10.092592592592593,26.203703703703702,63.7037037037037,480,260,53.7037037037037,21.574074074074073,24.72222222222222,530,300,23.333333333333332,29.90740740740741,46.75925925925926,580,380,55.18518518518518,42.129629629629626,2.685185185185185,670,460,0.0,27.037037037037038,72.96296296296296,740,500,0.0,99.64285714285714,0.35714285714285715,740,520
97,good,bad,good/bad,0.1936491342547821,0.007092000235160014,4997,3076,1927,620,210,940,430,320,220,48.78,31.78,51.16,29.74,49.97,30.76,19.27,10000,0.0,88.70370370370371,11.296296296296296,70,110,74.53703703703704,24.35185185185185,1.1111111111111112,220,170,71.66666666666667,26.296296296296298,2.037037037037037,310,210,72.5,0.0,27.5,400,230,7.12962962962963,7.777777777777778,85.0925925925926,480,240,52.03703703703704,1.8518518518518519,46.111111111111114,590,250,28.61111111111111,66.20370370370371,5.185185185185185,640,370,58.425925925925924,41.48148148148148,0.09259259259259259,750,400,71.85185185185185,28.14814814814815,0.0,900,430,100.0,0.0,0.0,940,430
98,bad,bad,bad/bad,0.0054086474442266805,0.004820260878378188,3556,4152,2292,70,160,230,270,160,110,35.76,59.2,35.36,23.84,35.56,41.52,22.92,10000,77.68518518518519,8.518518518518519,13.796296296296296,50,10,8.88888888888889,57.31481481481482,33.7962962962963,60,30,25.27777777777778,74.07407407407408,0.6481481481481481,100,50,51.01851851851852,48.98148148148148,0.0,120,90,2.685185185185185,85.18518518518519,12.12962962962963,130,170,0.0,50.74074074074074,49.25925925925926,140,210,31.296296296296298,26.38888888888889,42.31481481481482,180,230,88.24074074074075,0.0,11.75925925925926,210,250,33.7962962962963,33.24074074074074,32.96296296296296,230,270,40.0,0.0,60.0,230,270
99,good,good,good/good,0.14405040895650303,0.14271515621471972,4594,2625,2781,530,680,790,850,260,170,44.24,29.0,47.64,23.5,45.94,26.25,27.81,10000,43.51851851851852,29.25925925925926,27.22222222222222,90,140,31.944444444444443,20.185185185185187,47.870370370370374,170,230,36.2037037037037,22.87037037037037,40.925925925925924,230,300,70.0925925925926,23.98148148148148,5.925925925925926,340,370,23.055555555555557,37.96296296296296,38.98148148148148,400,480,32.129629629629626,36.75925925925926,31.11111111111111,500,570,94.81481481481481,5.185185185185185,0.0,600,700,76.75925925925925,3.5185185185185186,19.72222222222222,720,750,0.0,63.333333333333336,36.666666666666664,770,830,65.0,0.0,35.0,790,850
100,bad,good,bad/good,0.007934413571128751,0.15820154159987268,5132,2175,2693,130,640,380,800,250,160,61.06,16.6,41.58,26.9,51.32,21.75,26.93,10000,44.166666666666664,0.18518518518518517,55.648148148148145,20,90,83.51851851851852,0.0,16.48148148148148,80,190,57.96296296296296,0.0,42.03703703703704,160,250,28.796296296296298,47.77777777777778,23.425925925925927,200,290,68.24074074074075,28.88888888888889,2.8703703703703702,250,390,88.33333333333333,6.481481481481482,5.185185185185185,330,500,11.203703703703704,84.16666666666667,4.62962962962963,330,610,86.48148148148148,0.0,13.518518518518519,360,710,6.481481481481482,10.277777777777779,83.24074074074075,380,770,0.0,91.07142857142857,8.928571428571429,380,800
101,bad,bad,bad/bad,0.011423205264479498,0.008034125337637765,4938,693,4369,50,300,280,340,230,40,52.84,7.94,45.92,5.92,49.38,6.93,43.69,10000,32.407407407407405,4.814814814814815,62.77777777777778,20,60,76.75925925925925,0.0,23.24074074074074,50,110,60.648148148148145,18.51851851851852,20.833333333333332,90,130,23.703703703703702,11.75925925925926,64.53703703703704,120,190,51.111111111111114,1.6666666666666667,47.22222222222222,170,210,72.68518518518519,0.0,27.314814814814813,230,240,48.888888888888886,0.0,51.111111111111114,230,250,20.555555555555557,0.09259259259259259,79.35185185185185,230,270,70.46296296296296,17.685185185185187,11.851851851851851,280,310,0.0,37.142857142857146,62.857142857142854,280,340
102,bad,bad,bad/bad,0.006473870516660299,0.009576406647340963,4472,3602,1926,100,370,310,650,210,280,44.72,33.22,44.72,38.82,44.72,36.02,19.26,10000,40.0,24.166666666666668,35.833333333333336,60,100,70.37037037037037,0.9259259259259259,28.703703703703702,110,130,51.851851851851855,12.314814814814815,35.833333333333336,120,190,44.81481481481482,26.38888888888889,28.796296296296298,170,250,0.0,90.0,10.0,200,340,58.24074074074074,37.129629629629626,4.62962962962963,230,420,54.53703703703704,35.46296296296296,10.0,240,490,0.09259259259259259,78.51851851851852,21.38888888888889,240,570,68.24074074074075,28.61111111111111,3.1481481481481484,290,630,100.0,0.0,0.0,310,650
103,good,good,good/good,0.14486065655798422,0.1806715013355543,3414,3762,2824,530,640,710,840,180,200,29.1,46.44,39.18,28.8,34.14,37.62,28.24,10000,58.425925925925924,33.7962962962963,7.777777777777778,110,140,21.38888888888889,31.574074074074073,47.03703703703704,180,210,0.0,59.351851851851855,40.648148148148145,250,270,11.944444444444445,49.44444444444444,38.611111111111114,310,370,42.96296296296296,40.833333333333336,16.203703703703702,440,490,0.0,48.98148148148148,51.01851851851852,480,550,33.7962962962963,66.11111111111111,0.09259259259259259,530,690,66.29629629629629,0.0,33.7037037037037,580,750,56.75925925925926,16.944444444444443,26.296296296296298,690,820,94.64285714285714,5.0,0.35714285714285715,710,840
104,good,bad,good/bad,0.20124813340428233,0.006908555717278049,2501,5014,2485,520,280,640,660,120,380,38.24,42.16,11.78,58.12,25.01,50.14,24.85,10000,3.5185185185185186,45.925925925925924,50.55555555555556,80,90,0.0,81.57407407407408,18.425925925925927,120,150,64.53703703703704,7.222222222222222,28.24074074074074,220,210,60.18518518518518,21.01851851851852,18.796296296296298,250,250,48.7962962962963,39.44444444444444,11.75925925925926,360,310,8.148148148148149,72.4074074074074,19.444444444444443,450,410,0.0,71.48148148148148,28.51851851851852,490,480,0.0,90.46296296296296,9.537037037037036,510,580,33.425925925925924,34.72222222222222,31.85185185185185,610,650,50.0,0.0,50.0,640,660
105,good,good,good/good,0.13725152491115888,0.18789307149043252,3799,3967,2234,570,690,810,950,240,260,39.5,34.6,36.48,44.74,37.99,39.67,22.34,10000,17.59259259259259,48.888888888888886,33.51851851851852,90,90,45.833333333333336,30.37037037037037,23.796296296296298,220,220,34.166666666666664,63.611111111111114,2.2222222222222223,290,340,80.18518518518519,12.5,7.314814814814815,370,420,5.092592592592593,4.814814814814815,90.0925925925926,450,510,5.0,83.98148148148148,11.018518518518519,500,580,97.5,0.0,2.5,640,700,15.833333333333334,47.77777777777778,36.388888888888886,720,800,24.62962962962963,75.37037037037037,0.0,780,920,100.0,0.0,0.0,810,950
106,bad,bad,bad/bad,0.010867439452608943,0.007165848080087044,4138,4020,1842,170,380,440,710,270,330,50.62,34.66,32.14,45.74,41.38,40.2,18.42,10000,7.777777777777778,34.53703703703704,57.68518518518518,10,50,73.79629629629629,11.666666666666666,14.537037037037036,80,110,55.370370370370374,40.27777777777778,4.351851851851852,140,190,47.68518518518518,25.74074074074074,26.574074074074073,200,270,49.72222222222222,48.24074074074074,2.037037037037037,240,320,0.0,70.37037037037037,29.62962962962963,250,460,88.51851851851852,0.18518518518518517,11.296296296296296,350,480,25.185185185185187,50.74074074074074,24.074074074074073,380,530,9.166666666666666,90.46296296296296,0.37037037037037035,420,680,100.0,0.0,0.0,440,710
107,good,bad,good/bad,0.13432193683124896,0.010515641163304907,2273,5178,2549,580,390,680,730,100,340,37.34,51.64,8.12,51.92,22.73,51.78,25.49,10000,29.537037037037038,60.55555555555556,9.907407407407407,40,80,22.962962962962962,16.296296296296298,60.74074074074074,130,140,15.0,73.05555555555556,11.944444444444445,230,240,55.55555555555556,38.98148148148148,5.462962962962963,320,260,49.81481481481482,50.18518518518518,0.0,440,360,0.7407407407407407,62.77777777777778,36.48148148148148,490,480,33.05555555555556,46.2037037037037,20.74074074074074,540,530,0.0,83.42592592592592,16.574074074074073,620,650,3.7962962962962963,25.64814814814815,70.55555555555556,680,710,0.0,86.07142857142857,13.928571428571429,680,730
108,good,good,good/good,0.11134117415371766,0.12228780460765666,3957,3736,2307,560,700,880,910,320,210,50.04,29.54,29.1,45.18,39.57,37.36,23.07,10000,66.48148148148148,20.925925925925927,12.592592592592593,110,130,19.074074074074073,28.425925925925927,52.5,200,250,32.407407407407405,21.666666666666668,45.925925925925924,270,310,46.851851851851855,53.05555555555556,0.09259259259259259,390,400,66.85185185185185,12.685185185185185,20.462962962962962,490,500,59.81481481481482,25.555555555555557,14.62962962962963,550,600,15.462962962962964,70.18518518518519,14.351851851851851,660,650,0.0,61.2037037037037,38.7962962962963,730,750,52.96296296296296,42.870370370370374,4.166666666666667,840,880,25.0,36.07142857142857,38.92857142857143,880,910
109,good,good,good/good,0.1609168083429292,0.1953233812905572,4062,2999,2939,600,690,870,860,270,170,47.06,32.9,34.18,27.08,40.62,29.99,29.39,10000,0.0,85.37037037037037,14.62962962962963,120,180,31.296296296296298,17.962962962962962,50.74074074074074,240,260,56.851851851851855,14.166666666666666,28.98148148148148,320,310,53.333333333333336,34.81481481481482,11.851851851851851,400,410,76.38888888888889,0.0,23.61111111111111,480,510,47.22222222222222,11.666666666666666,41.111111111111114,550,620,48.51851851851852,0.0,51.48148148148148,630,730,12.685185185185185,47.77777777777778,39.53703703703704,740,760,36.75925925925926,53.05555555555556,10.185185185185185,840,860,50.357142857142854,49.642857142857146,0.0,870,860
110,good,good,good/good,0.16814304948935102,0.11215253192427702,3183,2965,3852,700,670,830,910,130,240,29.64,41.12,34.02,18.18,31.83,29.65,38.52,10000,42.592592592592595,25.555555555555557,31.85185185185185,130,140,21.203703703703702,35.925925925925924,42.870370370370374,240,240,45.55555555555556,22.5,31.944444444444443,310,280,0.0,81.48148148148148,18.51851851851852,440,460,27.87037037037037,24.90740740740741,47.22222222222222,500,550,9.537037037037036,60.27777777777778,30.185185185185187,590,660,34.629629629629626,5.092592592592593,60.27777777777778,670,740,15.925925925925926,18.796296296296298,65.27777777777777,720,820,71.48148148148148,0.0,28.51851851851852,790,900,100.0,0.0,0.0,830,910
111,good,good,good/good,0.22426248927509954,0.13643848565273467,2974,4611,2415,620,660,780,990,160,330,23.3,48.56,36.18,43.66,29.74,46.11,24.15,10000,0.0,61.666666666666664,38.333333333333336,110,170,19.814814814814813,24.074074074074073,56.111111111111114,190,230,0.0,65.27777777777777,34.72222222222222,240,280,28.88888888888889,54.074074074074076,17.037037037037038,280,440,59.166666666666664,19.72222222222222,21.11111111111111,410,540,6.7592592592592595,77.96296296296296,15.277777777777779,500,740,54.351851851851855,35.833333333333336,9.814814814814815,600,840,21.203703703703702,78.70370370370371,0.09259259259259259,690,930,59.25925925925926,9.62962962962963,31.11111111111111,760,990,100.0,0.0,0.0,780,990
112,good,bad,good/bad,0.1847750742599325,0.006926817429518544,3585,4314,2101,460,290,680,700,220,410,44.72,38.02,26.98,48.26,35.85,43.14,21.01,10000,48.98148148148148,37.129629629629626,13.88888888888889,90,110,71.48148148148148,28.51851851851852,0.0,200,170,0.0,38.425925925925924,61.574074074074076,240,250,5.0,54.72222222222222,40.27777777777778,280,310,81.57407407407408,17.22222222222222,1.2037037037037037,350,350,12.87037037037037,81.75925925925925,5.37037037037037,440,490,0.0,75.55555555555556,24.444444444444443,480,570,44.44444444444444,37.03703703703704,18.51851851851852,490,610,41.666666666666664,29.074074074074073,29.25925925925926,600,700,100.0,0.0,0.0,680,700
113,good,bad,good/bad,0.17136591383364763,0.013092209013648442,1992,4958,3050,710,380,870,750,160,370,17.8,67.54,22.04,31.62,19.92,49.58,30.5,10000,0.0,82.12962962962963,17.87037037037037,120,150,55.648148148148145,15.37037037037037,28.98148148148148,250,230,0.0,69.35185185185185,30.64814814814815,340,290,0.0,89.72222222222223,10.277777777777779,460,360,26.75925925925926,56.111111111111114,17.12962962962963,580,480,15.37037037037037,11.481481481481481,73.14814814814815,660,510,6.481481481481482,90.74074074074075,2.7777777777777777,740,620,29.62962962962963,44.166666666666664,26.203703703703702,790,700,50.55555555555556,0.0,49.44444444444444,840,740,0.0,0.0,100.0,870,750
114,bad,good,bad/good,0.009152370957345222,0.17463514252424311,4088,2727,3185,160,830,380,980,220,150,52.06,22.82,29.7,31.72,40.88,27.27,31.85,10000,37.96296296296296,33.148148148148145,28.88888888888889,20,130,64.9074074074074,0.0,35.092592592592595,120,240,35.27777777777778,26.574074074074073,38.148148148148145,130,300,58.98148148148148,31.38888888888889,9.62962962962963,150,440,43.888888888888886,14.537037037037036,41.574074074074076,230,510,21.11111111111111,59.074074074074076,19.814814814814813,250,700,50.0,38.148148148148145,11.851851851851851,300,760,41.75925925925926,38.98148148148148,19.25925925925926,350,870,24.62962962962963,10.648148148148149,64.72222222222223,370,980,0.0,0.0,100.0,380,980
115,good,good,good/good,0.1258989219019296,0.1413985316643239,4166,3717,2117,560,610,880,900,320,290,46.32,35.54,37.0,38.8,41.66,37.17,21.17,10000,49.074074074074076,28.333333333333332,22.59259259259259,130,140,31.296296296296298,14.814814814814815,53.888888888888886,210,250,70.37037037037037,4.722222222222222,24.90740740740741,350,290,41.48148148148148,58.51851851851852,0.0,470,400,22.22222222222222,58.148148148148145,19.62962962962963,540,480,84.72222222222223,2.5,12.777777777777779,640,540,35.0,64.9074074074074,0.09259259259259259,730,670,4.907407407407407,53.7962962962963,41.2962962962963,790,780,20.74074074074074,58.425925925925924,20.833333333333332,850,890,100.0,0.0,0.0,880,900
116,bad,bad,bad/bad,0.009472647884219618,0.012830169690334688,5144,1717,3139,160,400,380,510,220,110,58.2,22.16,44.68,12.18,51.44,17.17,31.39,10000,36.2037037037037,17.037037037037038,46.75925925925926,30,50,61.574074074074076,33.7037037037037,4.722222222222222,70,100,73.42592592592592,9.444444444444445,17.12962962962963,120,180,58.24074074074074,6.666666666666667,35.092592592592595,170,240,40.0,35.74074074074074,24.25925925925926,230,270,88.88888888888889,0.0,11.11111111111111,280,330,56.2037037037037,26.944444444444443,16.85185185185185,320,370,60.648148148148145,1.7592592592592593,37.592592592592595,370,430,1.1111111111111112,19.72222222222222,79.16666666666667,380,500,0.0,30.714285714285715,69.28571428571429,380,510
117,good,bad,good/bad,0.1795919882079796,0.009828498898975914,2497,5453,2050,570,350,780,880,210,530,34.84,49.5,15.1,59.56,24.97,54.53,20.5,10000,26.944444444444443,54.166666666666664,18.88888888888889,140,130,47.22222222222222,43.98148148148148,8.796296296296296,210,250,16.11111111111111,58.425925925925924,25.462962962962962,280,370,50.74074074074074,0.0,49.25925925925926,380,440,20.27777777777778,72.5925925925926,7.12962962962963,460,500,31.11111111111111,41.851851851851855,27.037037037037038,500,550,18.703703703703702,50.27777777777778,31.01851851851852,610,630,0.0,80.18518518518519,19.814814814814813,680,750,0.0,97.5925925925926,2.4074074074074074,750,870,77.5,22.5,0.0,780,880
118,bad,good,bad/good,0.01130763680770971,0.1610438548073438,4886,3535,1579,80,670,300,910,220,240,52.48,31.08,45.24,39.62,48.86,35.35,15.79,10000,61.388888888888886,0.18518518518518517,38.425925925925924,20,120,70.27777777777777,0.0,29.72222222222222,60,220,67.12962962962963,23.703703703703702,9.166666666666666,110,280,0.0,98.88888888888889,1.1111111111111112,130,400,44.166666666666664,21.11111111111111,34.72222222222222,190,510,7.314814814814815,90.92592592592592,1.7592592592592593,190,650,29.90740740740741,53.7037037037037,16.38888888888889,190,750,46.2962962962963,38.7962962962963,14.907407407407407,250,830,100.0,0.0,0.0,290,880,100.0,0.0,0.0,300,910
119,good,bad,good/bad,0.13163168476320333,0.01360690330845915,2358,4262,3380,570,520,710,760,140,240,27.12,45.46,20.04,39.78,23.58,42.62,33.8,10000,49.351851851851855,49.53703703703704,1.1111111111111112,110,130,0.0,64.35185185185185,35.648148148148145,190,230,0.0,62.592592592592595,37.407407407407405,230,250,14.25925925925926,32.870370370370374,52.870370370370374,290,380,61.94444444444444,1.1111111111111112,36.94444444444444,400,440,1.9444444444444444,35.55555555555556,62.5,470,510,35.370370370370374,50.648148148148145,13.981481481481481,540,600,16.666666666666668,17.5,65.83333333333333,630,690,38.7962962962963,57.22222222222222,3.9814814814814814,690,730,0.0,89.64285714285714,10.357142857142858,710,760
120,good,bad,good/bad,0.1072408408647916,0.011317390449846467,2617,5408,1975,430,430,560,810,130,380,33.34,61.06,19.0,47.1,26.17,54.08,19.75,10000,46.48148148148148,38.7037037037037,14.814814814814815,100,100,21.01851851851852,69.62962962962963,9.351851851851851,170,180,0.0,78.70370370370371,21.296296296296298,230,250,40.18518518518518,56.111111111111114,3.7037037037037037,310,340,46.666666666666664,39.53703703703704,13.796296296296296,350,400,2.1296296296296298,18.88888888888889,78.98148148148148,410,470,6.666666666666667,84.81481481481481,8.518518518518519,450,550,6.111111111111111,91.11111111111111,2.7777777777777777,490,730,54.629629629629626,15.74074074074074,29.62962962962963,540,770,71.07142857142857,28.928571428571427,0.0,560,810
121,bad,good,bad/good,0.009104315814489426,0.1768180081264156,4926,2188,2886,120,910,420,980,300,70,60.38,14.28,38.14,29.48,49.26,21.88,28.86,10000,72.77777777777777,3.7037037037037037,23.51851851851852,60,130,62.5,0.0,37.5,120,230,25.0,29.444444444444443,45.55555555555556,170,310,63.24074074074074,23.796296296296298,12.962962962962964,260,460,56.01851851851852,9.166666666666666,34.81481481481482,270,510,52.407407407407405,41.75925925925926,5.833333333333333,280,600,65.74074074074075,0.0,34.25925925925926,360,750,42.407407407407405,32.407407407407405,25.185185185185187,390,830,11.018518518518519,62.31481481481482,26.666666666666668,410,950,19.285714285714285,0.0,80.71428571428571,420,980
122,bad,good,bad/good,0.013236853097486937,0.13756343757604997,3961,2507,3532,190,730,380,970,190,240,19.72,34.14,59.5,16.0,39.61,25.07,35.32,10000,47.5,22.22222222222222,30.27777777777778,60,120,25.185185185185187,9.25925925925926,65.55555555555556,120,220,11.018518518518519,12.037037037037036,76.94444444444444,170,250,0.0,80.83333333333333,19.166666666666668,180,450,7.592592592592593,33.7037037037037,58.7037037037037,200,530,31.666666666666668,61.01851851851852,7.314814814814815,240,730,56.48148148148148,0.46296296296296297,43.05555555555556,240,780,90.37037037037037,1.2962962962962963,8.333333333333334,300,870,77.4074074074074,11.296296296296296,11.296296296296296,380,930,75.35714285714286,0.0,24.642857142857142,380,970
123,bad,good,bad/good,0.009942206524792633,0.13761540977758852,5058,2521,2421,190,670,450,810,260,140,75.7,15.88,25.46,34.54,50.58,25.21,24.21,10000,78.61111111111111,7.777777777777778,13.61111111111111,80,140,40.0,16.85185185185185,43.148148148148145,190,240,60.18518518518518,23.055555555555557,16.75925925925926,210,300,77.5,21.38888888888889,1.1111111111111112,220,380,94.16666666666667,4.444444444444445,1.3888888888888888,260,480,29.62962962962963,22.87037037037037,47.5,320,510,32.03703703703704,67.96296296296296,0.0,360,630,13.796296296296296,23.14814814814815,63.05555555555556,380,740,42.129629629629626,29.537037037037038,28.333333333333332,440,800,1.0714285714285714,63.214285714285715,35.714285714285715,450,810
124,bad,good,bad/good,0.007648849673933034,0.19122888138125355,5460,1431,3109,80,690,420,800,340,110,65.98,8.9,43.22,19.72,54.6,14.31,31.09,10000,44.351851851851855,0.18518518518518517,55.46296296296296,60,110,100.0,0.0,0.0,130,220,27.77777777777778,0.0,72.22222222222223,140,250,72.12962962962963,19.444444444444443,8.425925925925926,190,400,61.2037037037037,21.574074074074073,17.22222222222222,240,490,24.074074074074073,29.814814814814813,46.111111111111114,270,530,69.35185185185185,18.51851851851852,12.12962962962963,310,630,90.27777777777777,0.0,9.722222222222221,370,710,16.38888888888889,18.24074074074074,65.37037037037037,420,760,0.0,95.35714285714286,4.642857142857143,420,800
125,bad,good,bad/good,0.008846659041705635,0.16155292261598378,2095,4129,3776,70,690,250,930,180,240,39.02,25.5,2.88,57.08,20.95,41.29,37.76,10000,53.333333333333336,0.18518518518518517,46.48148148148148,50,120,89.72222222222223,0.0,10.277777777777779,120,220,37.592592592592595,51.574074074074076,10.833333333333334,210,270,0.0,54.907407407407405,45.092592592592595,210,430,0.0,11.38888888888889,88.61111111111111,210,500,0.0,61.388888888888886,38.611111111111114,220,640,0.0,28.51851851851852,71.48148148148148,240,740,0.0,64.07407407407408,35.925925925925924,240,800,0.0,97.68518518518519,2.314814814814815,240,880,51.42857142857143,48.57142857142857,0.0,250,930
126,good,good,good/good,0.15783992620581744,0.14643117762421637,4328,2174,3498,600,690,870,920,270,230,46.36,21.98,40.2,21.5,43.28,21.74,34.98,10000,14.351851851851851,38.7962962962963,46.851851851851855,130,180,56.75925925925926,26.85185185185185,16.38888888888889,250,280,64.62962962962963,6.018518518518518,29.35185185185185,320,370,39.907407407407405,19.90740740740741,40.18518518518518,410,470,38.98148148148148,10.185185185185185,50.833333333333336,500,520,44.81481481481482,33.7037037037037,21.48148148148148,580,620,47.96296296296296,16.01851851851852,36.01851851851852,640,690,71.38888888888889,11.296296296296296,17.314814814814813,760,770,21.944444444444443,38.51851851851852,39.53703703703704,850,890,0.0,0.0,100.0,870,920
127,bad,good,bad/good,0.009457816547973721,0.13323759083828873,4390,2854,2756,150,650,410,750,260,100,43.1,37.3,44.7,19.78,43.9,28.54,27.56,10000,44.074074074074076,0.18518518518518517,55.74074074074074,30,120,79.72222222222223,0.0,20.27777777777778,130,200,55.27777777777778,27.87037037037037,16.85185185185185,190,240,0.0,65.18518518518519,34.81481481481482,210,280,20.462962962962962,79.44444444444444,0.09259259259259259,230,380,85.18518518518519,3.3333333333333335,11.481481481481481,300,480,19.90740740740741,28.425925925925927,51.666666666666664,330,530,11.481481481481481,59.53703703703704,28.98148148148148,340,610,89.72222222222223,0.18518518518518517,10.092592592592593,410,740,2.5,0.35714285714285715,97.14285714285714,410,750
128,good,bad,good/bad,0.16513055132611368,0.006606007089057233,5066,3422,1512,530,240,750,490,220,250,60.36,43.64,40.96,24.8,50.66,34.22,15.12,10000,40.648148148148145,59.166666666666664,0.18518518518518517,80,90,14.722222222222221,85.27777777777777,0.0,160,120,49.81481481481482,50.18518518518518,0.0,220,200,99.81481481481481,0.0,0.18518518518518517,300,220,74.44444444444444,7.407407407407407,18.14814814814815,380,270,18.055555555555557,81.66666666666667,0.2777777777777778,490,390,65.92592592592592,22.22222222222222,11.851851851851851,580,440,30.0,0.0,70.0,640,490,68.79629629629629,10.925925925925926,20.27777777777778,740,490,26.428571428571427,0.0,73.57142857142857,750,490
129,bad,bad,bad/bad,0.014554260677953991,0.010215049508406633,5739,2112,2149,190,350,540,580,350,230,32.62,38.26,82.16,3.98,57.39,21.12,21.49,10000,45.648148148148145,33.425925925925924,20.925925925925927,40,90,49.074074074074076,15.37037037037037,35.55555555555556,90,140,7.592592592592593,33.148148148148145,59.25925925925926,140,220,15.37037037037037,30.0,54.629629629629626,190,280,33.333333333333336,65.18518518518519,1.4814814814814814,240,380,98.51851851851852,1.2962962962962963,0.18518518518518517,310,430,78.33333333333333,0.0,21.666666666666668,380,500,78.79629629629629,16.01851851851852,5.185185185185185,470,570,99.9074074074074,0.0,0.09259259259259259,500,580,95.71428571428571,4.285714285714286,0.0,540,580
130,bad,bad,bad/bad,0.013620365629212249,0.00742464335511008,4787,3319,1894,210,150,410,380,200,230,46.86,33.82,48.88,32.56,47.87,33.19,18.94,10000,41.111111111111114,20.833333333333332,38.05555555555556,10,50,65.37037037037037,0.0,34.629629629629626,30,60,33.425925925925924,66.57407407407408,0.0,80,110,32.68518518518518,43.611111111111114,23.703703703703702,120,160,44.351851851851855,25.555555555555557,30.09259259259259,170,210,40.648148148148145,22.962962962962962,36.388888888888886,220,240,86.29629629629629,1.6666666666666667,12.037037037037036,280,250,30.0,70.0,0.0,320,320,47.31481481481482,52.22222222222222,0.46296296296296297,410,380,85.0,15.0,0.0,410,380
131,bad,bad,bad/bad,0.013442203384068364,0.01453263909210989,4672,2039,3289,100,410,440,510,340,100,58.82,21.5,34.62,19.28,46.72,20.39,32.89,10000,35.092592592592595,32.96296296296296,31.944444444444443,40,70,50.18518518518518,26.574074074074073,23.24074074074074,110,150,91.66666666666667,8.333333333333334,0.0,210,200,79.62962962962963,4.166666666666667,16.203703703703702,240,240,15.74074074074074,27.5,56.75925925925926,260,280,33.24074074074074,14.537037037037036,52.22222222222222,280,330,34.907407407407405,40.0,25.09259259259259,340,410,90.18518518518519,1.1111111111111112,8.703703703703704,420,470,1.9444444444444444,8.24074074074074,89.81481481481481,440,500,0.0,97.85714285714286,2.142857142857143,440,510
132,good,bad,good/bad,0.17312831906897327,0.009171819860464763,4831,3191,1978,560,340,930,480,370,140,43.42,31.28,53.2,32.54,48.31,31.91,19.78,10000,7.222222222222222,69.62962962962963,23.14814814814815,90,130,39.907407407407405,47.03703703703704,13.055555555555555,230,180,49.25925925925926,11.296296296296296,39.44444444444444,270,230,93.33333333333333,0.0,6.666666666666667,440,240,11.296296296296296,16.85185185185185,71.85185185185185,500,260,12.777777777777779,65.64814814814815,21.574074074074073,580,280,42.77777777777778,55.648148148148145,1.5740740740740742,650,370,86.11111111111111,13.055555555555555,0.8333333333333334,750,420,98.33333333333333,1.4814814814814814,0.18518518518518517,900,470,24.285714285714285,57.142857142857146,18.571428571428573,930,480
133,bad,bad,bad/bad,0.009568701150821339,0.010128688847199592,4593,2979,2428,140,310,350,490,210,180,46.16,31.3,45.7,28.28,45.93,29.79,24.28,10000,0.0,35.092592592592595,64.9074074074074,20,60,71.38888888888889,0.8333333333333334,27.77777777777778,70,90,83.70370370370371,16.296296296296298,0.0,150,140,22.40740740740741,65.83333333333333,11.75925925925926,170,210,36.2037037037037,26.85185185185185,36.94444444444444,190,240,16.666666666666668,60.648148148148145,22.685185185185187,190,310,44.44444444444444,49.074074074074076,6.481481481481482,240,380,60.648148148148145,21.203703703703702,18.14814814814815,260,460,63.888888888888886,0.0,36.111111111111114,330,490,100.0,0.0,0.0,350,490
134,good,good,good/good,0.1231333862983669,0.16859828619756556,3681,3335,2984,590,690,870,900,280,210,35.78,47.2,37.84,19.5,36.81,33.35,29.84,10000,37.68518518518518,22.037037037037038,40.27777777777778,130,120,56.2962962962963,26.203703703703702,17.5,250,240,49.907407407407405,18.796296296296298,31.296296296296298,310,320,2.314814814814815,79.62962962962963,18.055555555555557,390,390,19.444444444444443,71.85185185185185,8.703703703703704,480,500,24.166666666666668,47.31481481481482,28.51851851851852,530,630,32.31481481481482,0.0,67.68518518518519,630,730,4.2592592592592595,40.648148148148145,55.092592592592595,700,820,96.29629629629629,2.314814814814815,1.3888888888888888,840,890,70.0,0.0,30.0,870,900
135,good,good,good/good,0.1342798175344841,0.19153793108295047,3990,3474,2536,520,740,790,1000,270,260,50.5,31.9,29.3,37.58,39.9,34.74,25.36,10000,38.148148148148145,29.074074074074073,32.77777777777778,140,180,27.77777777777778,49.25925925925926,22.962962962962962,220,270,25.09259259259259,28.425925925925927,46.48148148148148,310,390,99.25925925925925,0.0,0.7407407407407407,420,490,43.51851851851852,40.925925925925924,15.555555555555555,500,550,85.18518518518519,12.962962962962964,1.8518518518518519,620,680,27.962962962962962,17.685185185185187,54.351851851851855,690,750,14.907407407407407,66.48148148148148,18.61111111111111,720,850,0.0,73.61111111111111,26.38888888888889,750,990,29.285714285714285,12.5,58.214285714285715,790,1000
136,bad,good,bad/good,0.010585072382308413,0.16122863223792747,4612,3720,1668,140,620,380,770,240,150,47.88,46.22,44.36,28.18,46.12,37.2,16.68,10000,81.48148148148148,0.18518518518518517,18.333333333333332,60,120,6.203703703703703,74.9074074074074,18.88888888888889,130,180,72.5925925925926,20.09259259259259,7.314814814814815,130,240,28.98148148148148,51.2037037037037,19.814814814814813,180,300,32.407407407407405,67.5925925925926,0.0,210,420,53.98148148148148,25.925925925925927,20.09259259259259,270,500,23.796296296296298,63.7037037037037,12.5,310,580,45.648148148148145,29.72222222222222,24.62962962962963,360,680,56.75925925925926,10.648148148148149,32.592592592592595,380,770,97.14285714285714,1.7857142857142858,1.0714285714285714,380,770
137,good,good,good/good,0.16097513099049968,0.2088933285383891,4215,3383,2402,490,660,740,930,250,270,59.38,24.44,24.92,43.22,42.15,33.83,24.02,10000,54.72222222222222,26.666666666666668,18.61111111111111,110,180,75.18518518518519,2.5,22.314814814814813,250,240,61.01851851851852,23.24074074074074,15.74074074074074,300,270,66.48148148148148,33.51851851851852,0.0,370,370,17.5,27.22222222222222,55.27777777777778,430,470,0.0,73.61111111111111,26.38888888888889,500,560,41.94444444444444,21.11111111111111,36.94444444444444,570,620,71.29629629629629,0.0,28.703703703703702,650,750,2.037037037037037,82.12962962962963,15.833333333333334,730,890,0.35714285714285715,89.64285714285714,10.0,740,930
138,bad,good,bad/good,0.0026352520285472273,0.14305755430006484,6030,2310,1660,30,680,610,760,580,80,64.9,27.94,55.7,18.26,60.3,23.1,16.6,10000,43.611111111111114,0.5555555555555556,55.833333333333336,30,130,92.68518518518519,0.0,7.314814814814815,100,240,37.592592592592595,58.51851851851852,3.888888888888889,160,320,28.796296296296298,70.27777777777777,0.9259259259259259,160,350,97.77777777777777,0.0,2.2222222222222223,250,440,72.5925925925926,0.0,27.40740740740741,340,490,29.074074074074073,54.907407407407405,16.01851851851852,400,580,70.55555555555556,0.8333333333333334,28.61111111111111,500,730,85.64814814814815,2.8703703703703702,11.481481481481481,600,760,0.0,100.0,0.0,610,760
139,good,good,good/good,0.17878231188241164,0.17857323224076294,4329,3591,2080,540,700,830,900,290,200,31.82,51.82,54.76,20.0,43.29,35.91,20.8,10000,8.148148148148149,50.370370370370374,41.48148148148148,110,160,5.833333333333333,49.074074074074076,45.092592592592595,190,240,37.31481481481482,48.888888888888886,13.796296296296296,240,340,42.68518518518518,57.22222222222222,0.09259259259259259,310,480,53.333333333333336,34.351851851851855,12.314814814814815,390,550,77.96296296296296,16.203703703703702,5.833333333333333,500,580,95.27777777777777,1.0185185185185186,3.7037037037037037,630,690,36.574074074074076,19.166666666666668,44.25925925925926,740,750,33.611111111111114,45.18518518518518,21.203703703703702,820,880,38.92857142857143,42.5,18.571428571428573,830,900
140,good,bad,good/bad,0.11913440635368379,0.00944506726847638,4960,2469,2571,600,310,1030,560,430,250,43.84,33.02,55.36,16.36,49.6,24.69,25.71,10000,0.0,81.57407407407408,18.425925925925927,70,130,58.7962962962963,27.77777777777778,13.425925925925926,220,190,50.648148148148145,20.27777777777778,29.074074074074073,280,230,48.611111111111114,0.09259259259259259,51.2962962962963,430,250,44.907407407407405,23.14814814814815,31.944444444444443,540,320,30.185185185185187,22.59259259259259,47.22222222222222,620,410,81.57407407407408,16.75925925925926,1.6666666666666667,750,470,99.62962962962963,0.0,0.37037037037037035,950,490,21.48148148148148,34.351851851851855,44.166666666666664,1000,540,90.35714285714286,7.857142857142857,1.7857142857142858,1030,560
141,bad,bad,bad/bad,0.010966652990627768,0.01491651907499577,4539,1419,4042,140,390,450,490,310,100,41.92,13.6,48.86,14.78,45.39,14.19,40.42,10000,35.092592592592595,7.777777777777778,57.129629629629626,30,30,42.129629629629626,13.425925925925926,44.44444444444444,90,110,73.24074074074075,12.314814814814815,14.444444444444445,120,150,43.425925925925924,23.88888888888889,32.68518518518518,220,220,0.18518518518518517,5.555555555555555,94.25925925925925,250,240,48.51851851851852,23.51851851851852,27.962962962962962,320,300,28.333333333333332,44.907407407407405,26.75925925925926,320,400,57.68518518518518,0.0,42.31481481481482,350,440,65.74074074074075,0.0,34.25925925925926,430,490,100.0,0.0,0.0,450,490
142,bad,bad,bad/bad,0.011598330568104758,0.01166140647108418,4204,3517,2279,150,450,450,800,300,350,46.24,38.12,37.84,32.22,42.04,35.17,22.79,10000,46.01851851851852,10.185185185185185,43.7962962962963,60,100,59.81481481481482,22.5,17.685185185185187,150,220,0.0,52.592592592592595,47.407407407407405,170,290,11.851851851851851,87.5925925925926,0.5555555555555556,170,420,96.38888888888889,3.611111111111111,0.0,250,450,100.0,0.0,0.0,320,480,59.81481481481482,34.81481481481482,5.37037037037037,380,560,0.0,59.72222222222222,40.27777777777778,380,720,15.092592592592593,30.555555555555557,54.351851851851855,440,800,1.0714285714285714,92.85714285714286,6.071428571428571,450,800
143,good,bad,good/bad,0.13504059583509392,0.01591228877820814,4539,3121,2340,550,440,830,620,280,180,46.06,37.62,44.72,24.8,45.39,31.21,23.4,10000,36.851851851851855,62.5,0.6481481481481481,120,100,59.53703703703704,40.46296296296296,0.0,210,190,3.240740740740741,16.85185185185185,79.9074074074074,280,240,49.166666666666664,21.203703703703702,29.62962962962963,370,290,64.44444444444444,33.148148148148145,2.4074074074074074,470,370,99.9074074074074,0.09259259259259259,0.0,560,430,8.518518518518519,14.444444444444445,77.03703703703704,640,500,8.703703703703704,77.22222222222223,14.074074074074074,720,550,80.74074074074075,7.037037037037037,12.222222222222221,790,610,35.357142857142854,61.785714285714285,2.857142857142857,830,620
144,bad,bad,bad/bad,0.013228756466085855,0.009295646739705562,4108,3469,2423,130,370,270,600,140,230,46.14,28.48,36.02,40.9,41.08,34.69,24.23,10000,42.96296296296296,21.574074074074073,35.46296296296296,30,60,42.68518518518518,40.74074074074074,16.574074074074073,60,100,68.88888888888889,25.74074074074074,5.37037037037037,130,160,32.407407407407405,33.148148148148145,34.44444444444444,180,210,26.666666666666668,10.648148148148149,62.68518518518518,220,250,48.7037037037037,28.61111111111111,22.685185185185187,240,340,0.0,91.66666666666667,8.333333333333334,240,470,2.685185185185185,69.07407407407408,28.24074074074074,250,540,91.01851851851852,0.0,8.981481481481481,260,580,93.92857142857143,0.0,6.071428571428571,270,600
145,bad,good,bad/good,0.009723111111877977,0.16249371919690317,4102,2401,3497,120,580,360,750,240,170,37.04,30.4,45.0,17.62,41.02,24.01,34.97,10000,79.25925925925925,0.18518518518518517,20.555555555555557,60,110,62.592592592592595,12.962962962962964,24.444444444444443,140,200,0.0,28.14814814814815,71.85185185185185,160,250,16.75925925925926,42.5,40.74074074074074,180,320,12.87037037037037,56.94444444444444,30.185185185185187,180,470,0.0,0.0,100.0,190,500,12.685185185185185,76.48148148148148,10.833333333333334,190,640,94.9074074074074,5.092592592592593,0.0,250,670,74.81481481481481,0.0,25.185185185185187,310,740,100.0,0.0,0.0,360,750
146,bad,good,bad/good,0.010636453645459325,0.14375851774675433,5181,2804,2015,180,790,520,940,340,150,55.62,31.88,48.0,24.2,51.81,28.04,20.15,10000,89.25925925925925,0.18518518518518517,10.555555555555555,120,150,62.5,6.388888888888889,31.11111111111111,190,250,12.777777777777779,69.16666666666667,18.055555555555557,190,390,52.870370370370374,19.814814814814813,27.314814814814813,270,500,40.092592592592595,52.03703703703704,7.87037037037037,300,580,42.68518518518518,9.444444444444445,47.870370370370374,360,690,30.37037037037037,28.24074074074074,41.388888888888886,410,780,26.75925925925926,73.14814814814815,0.09259259259259259,440,850,97.03703703703704,1.2037037037037037,1.7592592592592593,500,930,97.85714285714286,0.0,2.142857142857143,520,940
147,bad,good,bad/good,0.015018167012387864,0.1491342528538339,4036,2758,3206,220,730,470,880,250,150,53.8,38.64,26.92,16.52,40.36,27.58,32.06,10000,41.48148148148148,14.351851851851851,44.166666666666664,50,130,84.81481481481481,0.0,15.185185185185185,80,220,48.148148148148145,51.574074074074076,0.2777777777777778,150,290,0.0,92.31481481481481,7.685185185185185,190,480,74.62962962962963,20.64814814814815,4.722222222222222,250,550,60.370370370370374,8.88888888888889,30.74074074074074,300,640,29.90740740740741,0.0,70.0925925925926,370,710,3.7962962962962963,0.9259259259259259,95.27777777777777,380,750,30.555555555555557,40.74074074074074,28.703703703703702,460,840,0.0,100.0,0.0,470,880
148,bad,bad,bad/bad,0.013060060458963355,0.012084040160854303,4972,3209,1819,170,370,480,600,310,230,51.46,32.48,47.98,31.7,49.72,32.09,18.19,10000,76.57407407407408,6.111111111111111,17.314814814814813,40,70,56.48148148148148,13.055555555555555,30.462962962962962,140,130,27.314814814814813,42.31481481481482,30.37037037037037,170,190,16.48148148148148,65.83333333333333,17.685185185185187,200,250,61.388888888888886,23.055555555555557,15.555555555555555,240,300,70.37037037037037,15.462962962962964,14.166666666666666,300,340,83.79629629629629,16.203703703703702,0.0,370,390,38.888888888888886,50.648148148148145,10.462962962962964,400,500,29.074074074074073,38.51851851851852,32.407407407407405,480,570,0.0,100.0,0.0,480,600
149,good,bad,good/bad,0.10119212156596577,0.011925238043301463,3708,4543,1749,570,410,910,770,340,360,23.36,63.66,50.8,27.2,37.08,45.43,17.49,10000,21.296296296296298,60.370370370370374,18.333333333333332,120,120,0.9259259259259259,77.22222222222223,21.85185185185185,180,190,0.0,67.22222222222223,32.77777777777778,250,280,58.51851851851852,20.925925925925927,20.555555555555557,330,340,27.40740740740741,68.98148148148148,3.611111111111111,440,440,88.88888888888889,0.0,11.11111111111111,610,490,64.16666666666667,13.88888888888889,21.944444444444443,680,520,0.0,96.57407407407408,3.425925925925926,750,700,80.27777777777777,0.0,19.72222222222222,880,750,7.142857142857143,59.642857142857146,33.214285714285715,910,770
150,good,bad,good/bad,0.183490709792204,0.011677395979490687,3580,3859,2561,470,460,750,700,280,240,22.74,44.24,48.86,32.94,35.8,38.59,25.61,10000,35.833333333333336,48.888888888888886,15.277777777777779,120,110,1.7592592592592593,41.75925925925926,56.48148148148148,190,190,43.51851851851852,27.037037037037038,29.444444444444443,250,250,4.722222222222222,34.629629629629626,60.648148148148145,280,340,19.444444444444443,52.5,28.055555555555557,360,390,73.70370370370371,9.62962962962963,16.666666666666668,480,420,55.46296296296296,28.333333333333332,16.203703703703702,580,500,75.0,25.0,0.0,690,580,22.037037037037038,73.70370370370371,4.2592592592592595,730,690,0.0,61.07142857142857,38.92857142857143,750,700
